Date;Value;Value_Classification;BTC_Closing;BTC_Volume
01/02/2018;30.0;Fear;9170.5400390625;9959400448
02/02/2018;15.0;Extreme Fear;8830.75;12726899712
03/02/2018;40.0;Fear;9174.91015625;7263790080
04/02/2018;24.0;Extreme Fear;8277.009765625;7073549824
05/02/2018;11.0;Extreme Fear;6955.27001953125;9285289984
06/02/2018;8.0;Extreme Fear;7754.0;13999800320
07/02/2018;36.0;Fear;7621.2998046875;9169280000
08/02/2018;30.0;Fear;8265.58984375;9346750464
09/02/2018;44.0;Fear;8736.98046875;6784820224
10/02/2018;54.0;Neutral;8621.900390625;7780960256
11/02/2018;31.0;Fear;8129.97021484375;6122189824
12/02/2018;42.0;Fear;8926.5703125;6256439808
13/02/2018;35.0;Fear;8598.3095703125;5696719872
14/02/2018;55.0;Greed;9494.6298828125;7909819904
15/02/2018;71.0;Greed;10166.400390625;9062540288
16/02/2018;67.0;Greed;10233.900390625;7296159744
17/02/2018;74.0;Greed;11112.7001953125;8660880384
18/02/2018;63.0;Greed;10551.7998046875;8744009728
19/02/2018;67.0;Greed;11225.2998046875;7652089856
20/02/2018;74.0;Greed;11403.7001953125;9926540288
21/02/2018;54.0;Neutral;10690.400390625;9405339648
22/02/2018;44.0;Fear;10005.0;8040079872
23/02/2018;39.0;Fear;10301.099609375;7739500032
24/02/2018;31.0;Fear;9813.0703125;6917929984
25/02/2018;33.0;Fear;9664.73046875;5706939904
26/02/2018;37.0;Fear;10366.7001953125;7287690240
27/02/2018;44.0;Fear;10725.599609375;6966179840
28/02/2018;41.0;Fear;10397.900390625;6936189952
01/03/2018;38.0;Fear;10951.0;7317279744
02/03/2018;47.0;Neutral;11086.400390625;7620590080
03/03/2018;56.0;Greed;11489.7001953125;6690570240
04/03/2018;44.0;Fear;11512.599609375;6084149760
05/03/2018;55.0;Greed;11573.2998046875;6468539904
06/03/2018;59.0;Greed;10779.900390625;6832169984
07/03/2018;37.0;Fear;9965.5703125;8797910016
08/03/2018;39.0;Fear;9395.009765625;7186089984
09/03/2018;37.0;Fear;9337.5498046875;8704190464
10/03/2018;39.0;Fear;8866.0;5386319872
11/03/2018;40.0;Fear;9578.6298828125;6296370176
12/03/2018;41.0;Fear;9205.1201171875;6457399808
13/03/2018;41.0;Fear;9194.849609375;5991139840
14/03/2018;40.0;Fear;8269.8095703125;6438230016
15/03/2018;32.0;Fear;8300.8603515625;6834429952
16/03/2018;33.0;Fear;8338.349609375;5289379840
17/03/2018;31.0;Fear;7916.8798828125;4426149888
18/03/2018;29.0;Fear;8223.6796875;6639190016
19/03/2018;29.0;Fear;8630.650390625;6729110016
20/03/2018;37.0;Fear;8913.4697265625;6361789952
21/03/2018;36.0;Fear;8929.2802734375;6043129856
22/03/2018;36.0;Fear;8728.4697265625;5530390016
23/03/2018;28.0;Fear;8879.6201171875;5954120192
24/03/2018;32.0;Fear;8668.1201171875;5664600064
25/03/2018;30.0;Fear;8495.7802734375;4569880064
26/03/2018;31.0;Fear;8209.400390625;5921039872
27/03/2018;24.0;Extreme Fear;7833.0400390625;5378250240
28/03/2018;24.0;Extreme Fear;7954.47998046875;4935289856
29/03/2018;18.0;Extreme Fear;7165.7001953125;6361229824
30/03/2018;12.0;Extreme Fear;6890.52001953125;6289509888
31/03/2018;16.0;Extreme Fear;6973.52978515625;4553269760
01/04/2018;16.0;Extreme Fear;6844.22998046875;4532100096
02/04/2018;11.0;Extreme Fear;7083.7998046875;4333440000
03/04/2018;22.0;Extreme Fear;7456.10986328125;5499700224
04/04/2018;22.0;Extreme Fear;6853.83984375;4936000000
05/04/2018;17.0;Extreme Fear;6811.47021484375;5639320064
06/04/2018;19.0;Extreme Fear;6636.31982421875;3766810112
07/04/2018;20.0;Extreme Fear;6911.08984375;3976610048
08/04/2018;17.0;Extreme Fear;7023.52001953125;3652499968
09/04/2018;21.0;Extreme Fear;6770.72998046875;4894060032
10/04/2018;18.0;Extreme Fear;6834.759765625;4272750080
11/04/2018;20.0;Extreme Fear;6968.31982421875;4641889792
12/04/2018;18.0;Extreme Fear;7889.25;8906250240
13/04/2018;23.0;Extreme Fear;7895.9599609375;7764460032
14/04/2018;;;7986.240234375;5191430144
15/04/2018;;;8329.1103515625;5244480000
16/04/2018;;;8058.669921875;5631309824
17/04/2018;26.0;Fear;7902.08984375;6900879872
18/04/2018;24.0;Extreme Fear;8163.419921875;6529909760
19/04/2018;25.0;Extreme Fear;8294.3095703125;7063209984
20/04/2018;26.0;Fear;8845.830078125;8438110208
21/04/2018;32.0;Fear;8895.580078125;7548550144
22/04/2018;31.0;Fear;8802.4599609375;6629899776
23/04/2018;28.0;Fear;8930.8798828125;6925190144
24/04/2018;29.0;Fear;9697.5;10678800384
25/04/2018;64.0;Greed;8845.740234375;11083100160
26/04/2018;47.0;Neutral;9281.509765625;8970559488
27/04/2018;55.0;Greed;8987.0498046875;7566289920
28/04/2018;54.0;Neutral;9348.48046875;7805479936
29/04/2018;61.0;Greed;9419.080078125;8853000192
30/04/2018;59.0;Greed;9240.5498046875;8673920000
01/05/2018;56.0;Greed;9119.009765625;7713019904
02/05/2018;52.0;Neutral;9235.919921875;7558159872
03/05/2018;55.0;Greed;9743.8603515625;10207299584
04/05/2018;56.0;Greed;9700.759765625;8217829888
05/05/2018;63.0;Greed;9858.150390625;7651939840
06/05/2018;67.0;Greed;9654.7998046875;7222280192
07/05/2018;56.0;Greed;9373.009765625;7394019840
08/05/2018;62.0;Greed;9234.8203125;7415869952
09/05/2018;53.0;Neutral;9325.1796875;7226890240
10/05/2018;63.0;Greed;9043.9404296875;6906699776
11/05/2018;41.0;Fear;8441.490234375;8488520192
12/05/2018;44.0;Fear;8504.8896484375;6821380096
13/05/2018;40.0;Fear;8723.9404296875;5866379776
14/05/2018;40.0;Fear;8716.7900390625;7364149760
15/05/2018;40.0;Fear;8510.3798828125;6705710080
16/05/2018;32.0;Fear;8368.830078125;6760220160
17/05/2018;31.0;Fear;8094.31982421875;5862530048
18/05/2018;37.0;Fear;8250.9697265625;5764190208
19/05/2018;31.0;Fear;8247.1796875;4712399872
20/05/2018;32.0;Fear;8513.25;5191059968
21/05/2018;41.0;Fear;8418.990234375;5154990080
22/05/2018;30.0;Fear;8041.77978515625;5137010176
23/05/2018;26.0;Fear;7557.81982421875;6491120128
24/05/2018;27.0;Fear;7587.33984375;6049220096
25/05/2018;25.0;Extreme Fear;7480.14013671875;4867829760
26/05/2018;23.0;Extreme Fear;7355.8798828125;4051539968
27/05/2018;19.0;Extreme Fear;7368.22021484375;4056519936
28/05/2018;22.0;Extreme Fear;7135.990234375;5040600064
29/05/2018;16.0;Extreme Fear;7472.58984375;5662660096
30/05/2018;38.0;Fear;7406.52001953125;4922540032
31/05/2018;25.0;Extreme Fear;7494.169921875;5127130112
01/06/2018;24.0;Extreme Fear;7541.4501953125;4921460224
02/06/2018;27.0;Fear;7643.4501953125;4939299840
03/06/2018;40.0;Fear;7720.25;4851760128
04/06/2018;41.0;Fear;7514.47021484375;4993169920
05/06/2018;26.0;Fear;7633.759765625;4961739776
06/06/2018;42.0;Fear;7653.97998046875;4692259840
07/06/2018;38.0;Fear;7678.240234375;4485799936
08/06/2018;40.0;Fear;7624.919921875;4227579904
09/06/2018;39.0;Fear;7531.97998046875;3845220096
10/06/2018;24.0;Extreme Fear;6786.02001953125;5804839936
11/06/2018;15.0;Extreme Fear;6906.919921875;4745269760
12/06/2018;19.0;Extreme Fear;6582.35986328125;4654380032
13/06/2018;19.0;Extreme Fear;6349.89990234375;5052349952
14/06/2018;17.0;Extreme Fear;6675.35009765625;5138710016
15/06/2018;26.0;Fear;6456.580078125;3955389952
16/06/2018;22.0;Extreme Fear;6550.16015625;3194170112
17/06/2018;23.0;Extreme Fear;6499.27001953125;3104019968
18/06/2018;27.0;Fear;6734.81982421875;4039200000
19/06/2018;32.0;Fear;6769.93994140625;4057029888
20/06/2018;34.0;Fear;6776.5498046875;3888640000
21/06/2018;37.0;Fear;6729.740234375;3529129984
22/06/2018;28.0;Fear;6083.68994140625;5079810048
23/06/2018;17.0;Extreme Fear;6162.47998046875;3431360000
24/06/2018;15.0;Extreme Fear;6173.22998046875;4566909952
25/06/2018;16.0;Extreme Fear;6249.18017578125;5500810240
26/06/2018;21.0;Extreme Fear;6093.669921875;3279759872
27/06/2018;18.0;Extreme Fear;6157.1298828125;3296219904
28/06/2018;20.0;Extreme Fear;5903.43994140625;3467800064
29/06/2018;16.0;Extreme Fear;6218.2998046875;3966230016
30/06/2018;22.0;Extreme Fear;6404.0;4543860224
01/07/2018;27.0;Fear;6385.81982421875;4788259840
02/07/2018;27.0;Fear;6614.18017578125;4396930048
03/07/2018;31.0;Fear;6529.58984375;4672309760
04/07/2018;33.0;Fear;6597.5498046875;4176689920
05/07/2018;37.0;Fear;6639.14013671875;4999240192
06/07/2018;34.0;Fear;6673.5;4313959936
07/07/2018;34.0;Fear;6856.93017578125;3961080064
08/07/2018;38.0;Fear;6773.8798828125;3386210048
09/07/2018;39.0;Fear;6741.75;3718129920
10/07/2018;37.0;Fear;6329.9501953125;4052430080
11/07/2018;29.0;Fear;6394.7099609375;3644859904
12/07/2018;33.0;Fear;6228.81005859375;3770170112
13/07/2018;29.0;Fear;6238.0498046875;3805400064
14/07/2018;29.0;Fear;6276.1201171875;2923670016
15/07/2018;32.0;Fear;6359.64013671875;3285459968
16/07/2018;36.0;Fear;6741.75;4725799936
17/07/2018;39.0;Fear;7321.0400390625;5961950208
18/07/2018;42.0;Fear;7370.77978515625;6103410176
19/07/2018;44.0;Fear;7466.85986328125;5111629824
20/07/2018;47.0;Neutral;7354.1298828125;4936869888
21/07/2018;43.0;Fear;7419.2900390625;3726609920
22/07/2018;46.0;Fear;7418.490234375;3695460096
23/07/2018;44.0;Fear;7711.10986328125;5132480000
24/07/2018;49.0;Neutral;8424.26953125;7277689856
25/07/2018;54.0;Neutral;8181.39013671875;5845400064
26/07/2018;53.0;Neutral;7951.580078125;4899089920
27/07/2018;47.0;Neutral;8165.009765625;5195879936
28/07/2018;54.0;Neutral;8192.150390625;3988750080
29/07/2018;54.0;Neutral;8218.4599609375;4107190016
30/07/2018;53.0;Neutral;8180.47998046875;5551400000
31/07/2018;48.0;Neutral;7780.43994140625;5287530000
01/08/2018;39.0;Fear;7624.91015625;4797620000
02/08/2018;39.0;Fear;7567.14990234375;4214110000
03/08/2018;36.0;Fear;7434.39013671875;4627150000
04/08/2018;31.0;Fear;7032.85009765625;4268390000
05/08/2018;23.0;Extreme Fear;7068.47998046875;3679110000
06/08/2018;25.0;Extreme Fear;6951.7998046875;3925900000
07/08/2018;25.0;Extreme Fear;6753.1201171875;4682800000
08/08/2018;23.0;Extreme Fear;6305.7998046875;5064430000
09/08/2018;19.0;Extreme Fear;6568.22998046875;4267040000
10/08/2018;21.0;Extreme Fear;6184.7099609375;4528680000
11/08/2018;18.0;Extreme Fear;6295.72998046875;4047850000
12/08/2018;18.0;Extreme Fear;6322.68994140625;5665250000
13/08/2018;21.0;Extreme Fear;6297.56982421875;4083980000
14/08/2018;16.0;Extreme Fear;6199.7099609375;5301700000
15/08/2018;18.0;Extreme Fear;6308.52001953125;4895450000
16/08/2018;21.0;Extreme Fear;6334.72998046875;4328420000
17/08/2018;19.0;Extreme Fear;6580.6298828125;4992990000
18/08/2018;24.0;Extreme Fear;6423.759765625;3984520000
19/08/2018;27.0;Fear;6506.06982421875;3311170000
20/08/2018;26.0;Fear;6308.52978515625;3665100000
21/08/2018;19.0;Extreme Fear;6488.759765625;3377180000
22/08/2018;21.0;Extreme Fear;6376.7099609375;4668110000
23/08/2018;18.0;Extreme Fear;6534.8798828125;3426180000
24/08/2018;19.0;Extreme Fear;6719.9599609375;4097820000
25/08/2018;22.0;Extreme Fear;6763.18994140625;3312600000
26/08/2018;19.0;Extreme Fear;6707.259765625;3295500000
27/08/2018;18.0;Extreme Fear;6884.64013671875;4019000000
28/08/2018;19.0;Extreme Fear;7096.27978515625;4659940000
29/08/2018;19.0;Extreme Fear;7047.16015625;4145880000
30/08/2018;22.0;Extreme Fear;6978.22998046875;4463250000
31/08/2018;17.0;Extreme Fear;7037.580078125;4495650000
01/09/2018;21.0;Extreme Fear;7193.25;4116050000
02/09/2018;18.0;Extreme Fear;7272.72021484375;4329540000
03/09/2018;19.0;Extreme Fear;7260.06005859375;4087760000
04/09/2018;26.0;Fear;7361.66015625;4273640000
05/09/2018;17.0;Extreme Fear;6792.830078125;5800460000
06/09/2018;14.0;Extreme Fear;6529.169921875;5523470000
07/09/2018;17.0;Extreme Fear;6467.06982421875;4264680000
08/09/2018;18.0;Extreme Fear;6225.97998046875;3835060000
09/09/2018;13.0;Extreme Fear;6300.85986328125;3671890000
10/09/2018;15.0;Extreme Fear;6329.7001953125;3714100000
11/09/2018;18.0;Extreme Fear;6321.2001953125;3849910000
12/09/2018;14.0;Extreme Fear;6351.7998046875;4064230000
13/09/2018;20.0;Extreme Fear;6517.31005859375;4210910000
14/09/2018;23.0;Extreme Fear;6512.7099609375;4076220000
15/09/2018;24.0;Extreme Fear;6543.2001953125;3216300000
16/09/2018;28.0;Fear;6517.18017578125;3273730000
17/09/2018;25.0;Extreme Fear;6281.2001953125;3910780000
18/09/2018;21.0;Extreme Fear;6371.2998046875;4180090000
19/09/2018;24.0;Extreme Fear;6398.5400390625;4431340000
20/09/2018;24.0;Extreme Fear;6519.669921875;4348110000
21/09/2018;31.0;Fear;6734.9501953125;6531940000
22/09/2018;35.0;Fear;6721.97998046875;4509660000
23/09/2018;38.0;Fear;6710.6298828125;4197500000
24/09/2018;43.0;Fear;6595.41015625;4177310000
25/09/2018;37.0;Fear;6446.47021484375;4726180000
26/09/2018;37.0;Fear;6495.0;4437300000
27/09/2018;42.0;Fear;6676.75;4606810000
28/09/2018;42.0;Fear;6644.1298828125;5014430000
29/09/2018;37.0;Fear;6601.9599609375;4363690000
30/09/2018;34.0;Fear;6625.56005859375;4002280000
01/10/2018;35.0;Fear;6589.6201171875;4000970000
02/10/2018;33.0;Fear;6556.10009765625;3979260000
03/10/2018;36.0;Fear;6502.58984375;3887310000
04/10/2018;29.0;Fear;6576.68994140625;3838410000
05/10/2018;37.0;Fear;6622.47998046875;3671500000
06/10/2018;34.0;Fear;6588.31005859375;3259740000
07/10/2018;29.0;Fear;6602.9501953125;3306630000
08/10/2018;26.0;Fear;6652.22998046875;3979460000
09/10/2018;31.0;Fear;6642.64013671875;3580810000
10/10/2018;28.0;Fear;6585.52978515625;3787650000
11/10/2018;19.0;Extreme Fear;6256.240234375;5181640000
12/10/2018;13.0;Extreme Fear;6274.580078125;3783500000
13/10/2018;15.0;Extreme Fear;6285.990234375;3064030000
14/10/2018;18.0;Extreme Fear;6290.93017578125;3085320000
15/10/2018;20.0;Extreme Fear;6596.5400390625;7370770000
16/10/2018;24.0;Extreme Fear;6596.10986328125;4074800000
17/10/2018;23.0;Extreme Fear;6544.43017578125;4088420000
18/10/2018;26.0;Fear;6476.7099609375;3924080000
19/10/2018;24.0;Extreme Fear;6465.41015625;3578870000
20/10/2018;21.0;Extreme Fear;6489.18994140625;3379130000
21/10/2018;21.0;Extreme Fear;6482.35009765625;3253610000
22/10/2018;27.0;Fear;6487.16015625;3672860000
23/10/2018;24.0;Extreme Fear;6475.740234375;3716150000
24/10/2018;23.0;Extreme Fear;6495.83984375;3424670000
25/10/2018;25.0;Extreme Fear;6476.2900390625;3230550000
26/10/2018;29.0;Fear;6474.75;3306050000
27/10/2018;33.0;Fear;6480.3798828125;3393250000
28/10/2018;35.0;Fear;6486.39013671875;3445190000
29/10/2018;34.0;Fear;6332.6298828125;4199910000
30/10/2018;31.0;Fear;6334.27001953125;3781100000
31/10/2018;32.0;Fear;6317.60986328125;4191240000
01/11/2018;29.0;Fear;6377.77978515625;3789400000
02/11/2018;36.0;Fear;6388.43994140625;4234870000
03/11/2018;36.0;Fear;6361.259765625;3658640000
04/11/2018;41.0;Fear;6376.1298828125;4390020000
05/11/2018;42.0;Fear;6419.66015625;4174800000
06/11/2018;42.0;Fear;6461.009765625;4700040000
07/11/2018;48.0;Neutral;6530.14013671875;4941260000
08/11/2018;51.0;Neutral;6453.72021484375;4665260000
09/11/2018;47.0;Neutral;6385.6201171875;4346820000
10/11/2018;52.0;Neutral;6409.22021484375;3705320000
11/11/2018;54.0;Neutral;6411.27001953125;3939060000
12/11/2018;52.0;Neutral;6371.27001953125;4295770000
13/11/2018;56.0;Greed;6359.490234375;4503800000
14/11/2018;49.0;Neutral;5738.35009765625;7398940000
15/11/2018;28.0;Fear;5648.02978515625;7032140000
16/11/2018;23.0;Extreme Fear;5575.5498046875;5279320000
17/11/2018;24.0;Extreme Fear;5554.330078125;4303150000
18/11/2018;26.0;Fear;5623.5400390625;4159680000
19/11/2018;28.0;Fear;4871.490234375;7039560000
20/11/2018;21.0;Extreme Fear;4451.8701171875;8428290000
21/11/2018;15.0;Extreme Fear;4602.169921875;6120120000
22/11/2018;14.0;Extreme Fear;4365.93994140625;4569370000
23/11/2018;12.0;Extreme Fear;4347.10986328125;4871490000
24/11/2018;15.0;Extreme Fear;3880.760009765625;4679500000
25/11/2018;9.0;Extreme Fear;4009.969970703125;6825640000
26/11/2018;17.0;Extreme Fear;3779.1298828125;6476900000
27/11/2018;11.0;Extreme Fear;3820.719970703125;5998720000
28/11/2018;14.0;Extreme Fear;4257.419921875;7280280000
29/11/2018;18.0;Extreme Fear;4278.8466796875;6503347767
30/11/2018;19.0;Extreme Fear;4017.2685546875;6048016717
01/12/2018;13.0;Extreme Fear;4214.671875;5375314093
02/12/2018;15.0;Extreme Fear;4139.8779296875;5262697895
03/12/2018;17.0;Extreme Fear;3894.130859375;5089570994
04/12/2018;12.0;Extreme Fear;3956.893798828125;5028069239
05/12/2018;19.0;Extreme Fear;3753.994873046875;5302481574
06/12/2018;13.0;Extreme Fear;3521.101806640625;5878333109
07/12/2018;11.0;Extreme Fear;3419.937255859375;6835615448
08/12/2018;11.0;Extreme Fear;3476.11474609375;5305024497
09/12/2018;14.0;Extreme Fear;3614.234375;4947372847
10/12/2018;19.0;Extreme Fear;3502.656005859375;5020968740
11/12/2018;15.0;Extreme Fear;3424.588134765625;4696765188
12/12/2018;14.0;Extreme Fear;3486.9501953125;4139364829
13/12/2018;14.0;Extreme Fear;3313.67724609375;4343372456
14/12/2018;10.0;Extreme Fear;3242.48486328125;4372763663
15/12/2018;11.0;Extreme Fear;3236.76171875;3551763561
16/12/2018;13.0;Extreme Fear;3252.839111328125;3744248994
17/12/2018;17.0;Extreme Fear;3545.86474609375;5409247918
18/12/2018;23.0;Extreme Fear;3696.05908203125;5911325473
19/12/2018;21.0;Extreme Fear;3745.95068359375;6810689119
20/12/2018;27.0;Fear;4134.44140625;8927129279
21/12/2018;35.0;Fear;3896.543701171875;7206015706
22/12/2018;28.0;Fear;4014.1826171875;5605823233
23/12/2018;31.0;Fear;3998.980224609375;6151275490
24/12/2018;25.0;Extreme Fear;4078.59912109375;7240968501
25/12/2018;33.0;Fear;3815.49072265625;6158207293
26/12/2018;26.0;Fear;3857.297607421875;5326547918
27/12/2018;29.0;Fear;3654.83349609375;5130222366
28/12/2018;21.0;Extreme Fear;3923.918701171875;5631554348
29/12/2018;24.0;Extreme Fear;3820.40869140625;4991655917
30/12/2018;23.0;Extreme Fear;3865.95263671875;4770578575
31/12/2018;26.0;Fear;3742.700439453125;4661840806
01/01/2019;24.0;Extreme Fear;3843.52001953125;4324200990
02/01/2019;30.0;Fear;3943.409423828125;5244856836
03/01/2019;33.0;Fear;3836.7412109375;4530215219
04/01/2019;48.0;Neutral;3857.717529296875;4847965467
05/01/2019;36.0;Fear;3845.194580078125;5137609824
06/01/2019;31.0;Fear;4076.632568359375;5597027440
07/01/2019;39.0;Fear;4025.248291015625;5228625637
08/01/2019;39.0;Fear;4030.847900390625;5306593305
09/01/2019;42.0;Fear;4035.29638671875;5115905225
10/01/2019;37.0;Fear;3678.924560546875;6874143796
11/01/2019;19.0;Extreme Fear;3687.365478515625;5538712865
12/01/2019;22.0;Extreme Fear;3661.301025390625;4778170883
13/01/2019;21.0;Extreme Fear;3552.953125;4681302466
14/01/2019;16.0;Extreme Fear;3706.05224609375;5651384490
15/01/2019;27.0;Fear;3630.67529296875;5537192302
16/01/2019;24.0;Extreme Fear;3655.0068359375;5394457145
17/01/2019;28.0;Fear;3678.56396484375;5464420383
18/01/2019;29.0;Fear;3657.83935546875;5002961727
19/01/2019;31.0;Fear;3728.568359375;5955691380
20/01/2019;35.0;Fear;3601.013671875;5582489560
21/01/2019;30.0;Fear;3576.032470703125;5004347059
22/01/2019;27.0;Fear;3604.5771484375;5313623556
23/01/2019;33.0;Fear;3585.123046875;5433755649
24/01/2019;37.0;Fear;3600.865478515625;5262869046
25/01/2019;35.0;Fear;3599.765869140625;5265847539
26/01/2019;41.0;Fear;3602.46044921875;5098183235
27/01/2019;39.0;Fear;3583.9658203125;5570752966
28/01/2019;35.0;Fear;3470.450439453125;6908930483
29/01/2019;21.0;Extreme Fear;3448.116943359375;5897159493
30/01/2019;22.0;Extreme Fear;3486.181640625;5955112627
31/01/2019;17.0;Extreme Fear;3457.792724609375;5831198271
01/02/2019;23.0;Extreme Fear;3487.9453125;5422926707
02/02/2019;22.0;Extreme Fear;3521.060791015625;5071623601
03/02/2019;19.0;Extreme Fear;3464.013427734375;5043937584
04/02/2019;27.0;Fear;3459.154052734375;5332718886
05/02/2019;21.0;Extreme Fear;3466.357421875;5227549545
06/02/2019;14.0;Extreme Fear;3413.767822265625;5482196038
07/02/2019;18.0;Extreme Fear;3399.4716796875;5004962683
08/02/2019;37.0;Fear;3666.7802734375;7735623101
09/02/2019;42.0;Fear;3671.20361328125;6158833645
10/02/2019;40.0;Fear;3690.188232421875;6282256903
11/02/2019;46.0;Fear;3648.4306640625;6277056434
12/02/2019;38.0;Fear;3653.528564453125;6480384532
13/02/2019;48.0;Neutral;3632.070556640625;6438903823
14/02/2019;48.0;Neutral;3616.880859375;6271044418
15/02/2019;43.0;Fear;3620.810791015625;6091952231
16/02/2019;43.0;Fear;3629.78759765625;5934744052
17/02/2019;38.0;Fear;3673.836181640625;7039512503
18/02/2019;63.0;Greed;3915.71435546875;9908216640
19/02/2019;65.0;Greed;3947.094482421875;9933626655
20/02/2019;59.0;Greed;3999.820556640625;8693373948
21/02/2019;59.0;Greed;3954.1181640625;7775128102
22/02/2019;61.0;Greed;4005.526611328125;7826525254
23/02/2019;63.0;Greed;4142.52685546875;8922258316
24/02/2019;69.0;Greed;3810.427490234375;10794227451
25/02/2019;47.0;Neutral;3882.6962890625;9318796067
26/02/2019;40.0;Fear;3854.35791015625;7931218996
27/02/2019;39.0;Fear;3851.04736328125;8301309684
28/02/2019;39.0;Fear;3854.785400390625;8399767798
01/03/2019;42.0;Fear;3859.583740234375;7661247975
02/03/2019;41.0;Fear;3864.4150390625;7578786076
03/03/2019;44.0;Fear;3847.17578125;7253558152
04/03/2019;36.0;Fear;3761.55712890625;9029175788
05/03/2019;35.0;Fear;3896.375;10174126415
06/03/2019;42.0;Fear;3903.942626953125;9175291529
07/03/2019;56.0;Greed;3911.484375;9584165519
08/03/2019;54.0;Neutral;3901.131591796875;10638638944
09/03/2019;55.0;Greed;3963.313720703125;10796103518
10/03/2019;55.0;Greed;3951.599853515625;9713267607
11/03/2019;56.0;Greed;3905.227294921875;10125901903
12/03/2019;56.0;Greed;3909.15625;9809887079
13/03/2019;54.0;Neutral;3906.71728515625;9469184841
14/03/2019;55.0;Greed;3924.369140625;10480789570
15/03/2019;55.0;Greed;3960.9111328125;9394210605
16/03/2019;54.0;Neutral;4048.725830078125;9856166973
17/03/2019;58.0;Greed;4025.22900390625;8221625400
18/03/2019;56.0;Greed;4032.50732421875;9646954186
19/03/2019;56.0;Greed;4071.190185546875;9344919956
20/03/2019;55.0;Greed;4087.476318359375;10175916388
21/03/2019;62.0;Greed;4029.326904296875;10831212662
22/03/2019;56.0;Greed;4023.96826171875;9252935969
23/03/2019;50.0;Neutral;4035.826416015625;9578850549
24/03/2019;44.0;Fear;4022.168212890625;9144851065
25/03/2019;46.0;Fear;3963.070556640625;10359818883
26/03/2019;43.0;Fear;3985.080810546875;10707678815
27/03/2019;44.0;Fear;4087.066162109375;10897131934
28/03/2019;49.0;Neutral;4069.107177734375;9353915899
29/03/2019;50.0;Neutral;4098.37451171875;10918665557
30/03/2019;57.0;Greed;4106.66015625;9732688060
31/03/2019;56.0;Greed;4105.404296875;9045122443
01/04/2019;62.0;Greed;4158.18310546875;10157794171
02/04/2019;60.0;Greed;4879.8779296875;21315047816
03/04/2019;71.0;Greed;4973.02197265625;22899891582
04/04/2019;61.0;Greed;4922.798828125;18251810240
05/04/2019;59.0;Greed;5036.68115234375;16837325387
06/04/2019;65.0;Greed;5059.8173828125;16929795194
07/04/2019;69.0;Greed;5198.89697265625;16655416140
08/04/2019;65.0;Greed;5289.77099609375;17154113634
09/04/2019;64.0;Greed;5204.95849609375;14722104361
10/04/2019;62.0;Greed;5324.5517578125;15504590933
11/04/2019;65.0;Greed;5064.48779296875;16555616019
12/04/2019;42.0;Fear;5089.5390625;13675206312
13/04/2019;62.0;Greed;5096.58642578125;10823289598
14/04/2019;51.0;Neutral;5167.72216796875;10391952498
15/04/2019;60.0;Greed;5067.1083984375;12290155061
16/04/2019;50.0;Neutral;5235.5595703125;11618660197
17/04/2019;61.0;Greed;5251.93798828125;12438480677
18/04/2019;64.0;Greed;5298.3857421875;13256489918
19/04/2019;61.0;Greed;5303.8125;13780238655
20/04/2019;62.0;Greed;5337.88623046875;13169647522
21/04/2019;62.0;Greed;5314.53125;13731844223
22/04/2019;61.0;Greed;5399.365234375;14601631648
23/04/2019;68.0;Greed;5572.3623046875;15867308108
24/04/2019;65.0;Greed;5464.86669921875;17048033399
25/04/2019;58.0;Greed;5210.515625;15330283408
26/04/2019;41.0;Fear;5279.34814453125;16812108040
27/04/2019;42.0;Fear;5268.291015625;13111274675
28/04/2019;40.0;Fear;5285.13916015625;12819992056
29/04/2019;42.0;Fear;5247.3525390625;13735490672
30/04/2019;42.0;Fear;5350.7265625;13878964574
01/05/2019;51.0;Neutral;5402.697265625;13679528236
02/05/2019;50.0;Neutral;5505.28369140625;14644460907
03/05/2019;63.0;Greed;5768.28955078125;18720780006
04/05/2019;66.0;Greed;5831.16748046875;17567780766
05/05/2019;67.0;Greed;5795.70849609375;14808830723
06/05/2019;57.0;Greed;5746.80712890625;15737171804
07/05/2019;69.0;Greed;5829.50146484375;18026409033
08/05/2019;63.0;Greed;5982.45751953125;15320605300
09/05/2019;69.0;Greed;6174.52880859375;16784645411
10/05/2019;71.0;Greed;6378.84912109375;19419875368
11/05/2019;76.0;Extreme Greed;7204.771484375;28867562329
12/05/2019;75.0;Greed;6972.37158203125;27773333680
13/05/2019;78.0;Extreme Greed;7814.9150390625;28677672181
14/05/2019;78.0;Extreme Greed;7994.416015625;32031452227
15/05/2019;77.0;Extreme Greed;8205.16796875;28344112920
16/05/2019;75.0;Greed;7884.9091796875;33167197581
17/05/2019;65.0;Greed;7343.8955078125;30066644905
18/05/2019;67.0;Greed;7271.2080078125;21354286562
19/05/2019;70.0;Greed;8197.689453125;25902422040
20/05/2019;73.0;Greed;7978.30908203125;23843404340
21/05/2019;68.0;Greed;7963.32763671875;25127245056
22/05/2019;69.0;Greed;7680.06640625;24719473175
23/05/2019;65.0;Greed;7881.8466796875;24457107820
24/05/2019;64.0;Greed;7987.37158203125;25919126991
25/05/2019;69.0;Greed;8052.5439453125;22256813107
26/05/2019;67.0;Greed;8673.2158203125;26677970091
27/05/2019;70.0;Greed;8805.7783203125;27949839564
28/05/2019;71.0;Greed;8719.9619140625;24226919267
29/05/2019;71.0;Greed;8659.4873046875;23473479966
30/05/2019;73.0;Greed;8319.47265625;29246528551
31/05/2019;61.0;Greed;8574.501953125;25365190957
01/06/2019;62.0;Greed;8564.0166015625;22488303544
02/06/2019;63.0;Greed;8742.9580078125;20266216022
03/06/2019;66.0;Greed;8208.9951171875;22004511436
04/06/2019;42.0;Fear;7707.77099609375;24609731549
05/06/2019;27.0;Fear;7824.2314453125;21760923463
06/06/2019;34.0;Fear;7822.0234375;19474611077
07/06/2019;27.0;Fear;8043.951171875;19141423231
08/06/2019;62.0;Greed;7954.1279296875;16522722810
09/06/2019;62.0;Greed;7688.0771484375;16610726547
10/06/2019;46.0;Fear;8000.32958984375;18689275117
11/06/2019;61.0;Greed;7927.71435546875;17107279932
12/06/2019;60.0;Greed;8145.857421875;19034432883
13/06/2019;63.0;Greed;8230.923828125;18669407147
14/06/2019;67.0;Greed;8693.8330078125;19831162906
15/06/2019;75.0;Greed;8838.375;18371033226
16/06/2019;80.0;Extreme Greed;8994.48828125;23348550311
17/06/2019;84.0;Extreme Greed;9320.3525390625;15562951919
18/06/2019;83.0;Extreme Greed;9081.7626953125;15848210536
19/06/2019;82.0;Extreme Greed;9273.521484375;15546809946
20/06/2019;81.0;Extreme Greed;9527.16015625;17846823784
21/06/2019;84.0;Extreme Greed;10144.556640625;20624008643
22/06/2019;83.0;Extreme Greed;10701.69140625;29995204861
23/06/2019;84.0;Extreme Greed;10855.37109375;20998326502
24/06/2019;80.0;Extreme Greed;11011.1025390625;19271652365
25/06/2019;87.0;Extreme Greed;11790.9169921875;24879684533
26/06/2019;95.0;Extreme Greed;13016.2314453125;45105733173
27/06/2019;92.0;Extreme Greed;11182.806640625;39977475223
28/06/2019;62.0;Greed;12407.33203125;35087757766
29/06/2019;74.0;Greed;11959.37109375;29923961128
30/06/2019;78.0;Extreme Greed;10817.1552734375;27256473494
01/07/2019;65.0;Greed;10583.134765625;29378589324
02/07/2019;63.0;Greed;10801.677734375;31015895223
03/07/2019;79.0;Extreme Greed;11961.26953125;30796494294
04/07/2019;76.0;Extreme Greed;11215.4375;25920294033
05/07/2019;67.0;Greed;10978.4599609375;23838480210
06/07/2019;72.0;Greed;11208.55078125;21092024306
07/07/2019;67.0;Greed;11450.8466796875;19369044277
08/07/2019;74.0;Greed;12285.9580078125;23482551458
09/07/2019;84.0;Extreme Greed;12573.8125;28167921523
10/07/2019;83.0;Extreme Greed;12156.5126953125;33627574244
11/07/2019;62.0;Greed;11358.662109375;28595327690
12/07/2019;33.0;Fear;11815.986328125;23534692797
13/07/2019;65.0;Greed;11392.37890625;21042616384
14/07/2019;61.0;Greed;10256.05859375;22486000001
15/07/2019;16.0;Extreme Fear;10895.08984375;25384047207
16/07/2019;34.0;Fear;9477.6416015625;24151199070
17/07/2019;19.0;Extreme Fear;9693.802734375;24569921549
18/07/2019;40.0;Fear;10666.482421875;25187024648
19/07/2019;42.0;Fear;10530.732421875;20727426310
20/07/2019;34.0;Fear;10767.1396484375;20206615155
21/07/2019;42.0;Fear;10599.10546875;17130580467
22/07/2019;42.0;Fear;10343.1064453125;16334414913
23/07/2019;40.0;Fear;9900.767578125;17851916995
24/07/2019;20.0;Extreme Fear;9811.92578125;17398734322
25/07/2019;42.0;Fear;9911.841796875;15821952090
26/07/2019;24.0;Extreme Fear;9870.3037109375;14495714483
27/07/2019;47.0;Neutral;9477.677734375;16817809536
28/07/2019;16.0;Extreme Fear;9552.8603515625;13738687093
29/07/2019;19.0;Extreme Fear;9519.1455078125;13791445323
30/07/2019;22.0;Extreme Fear;9607.423828125;13829811132
31/07/2019;31.0;Fear;10085.6279296875;16631520648
01/08/2019;57.0;Greed;10399.6689453125;17165337858
02/08/2019;61.0;Greed;10518.1748046875;17489094082
03/08/2019;61.0;Greed;10821.7265625;15352685061
04/08/2019;62.0;Greed;10970.1845703125;16530894787
05/08/2019;64.0;Greed;11805.6533203125;23875988832
06/08/2019;66.0;Greed;11478.1689453125;23635107660
07/08/2019;45.0;Fear;11941.96875;22194988641
08/08/2019;61.0;Greed;11966.4072265625;19481591730
09/08/2019;60.0;Greed;11862.9365234375;18339989960
10/08/2019;59.0;Greed;11354.0244140625;18125355447
11/08/2019;45.0;Fear;11523.5791015625;15774371518
12/08/2019;48.0;Neutral;11382.6162109375;13647198229
13/08/2019;45.0;Fear;10895.830078125;16681503537
14/08/2019;11.0;Extreme Fear;10051.7041015625;19990838300
15/08/2019;13.0;Extreme Fear;10311.5458984375;22899115082
16/08/2019;31.0;Fear;10374.3388671875;20228207096
17/08/2019;20.0;Extreme Fear;10231.744140625;13778035685
18/08/2019;14.0;Extreme Fear;10345.810546875;12999813869
19/08/2019;30.0;Fear;10916.0537109375;16038264603
20/08/2019;39.0;Fear;10763.232421875;15053082175
21/08/2019;11.0;Extreme Fear;10138.0498046875;19473084768
22/08/2019;5.0;Extreme Fear;10131.0556640625;17097508856
23/08/2019;33.0;Fear;10407.96484375;15627023886
24/08/2019;39.0;Fear;10159.9609375;15451030650
25/08/2019;33.0;Fear;10138.517578125;14153856610
26/08/2019;41.0;Fear;10370.8203125;18438654080
27/08/2019;30.0;Fear;10185.5;14762609503
28/08/2019;32.0;Fear;9754.4228515625;17603790323
29/08/2019;20.0;Extreme Fear;9510.2001953125;17045878501
30/08/2019;24.0;Extreme Fear;9598.173828125;13595263986
31/08/2019;20.0;Extreme Fear;9630.6640625;11454806419
01/09/2019;24.0;Extreme Fear;9757.970703125;11445355859
02/09/2019;28.0;Fear;10346.7607421875;17248102294
03/09/2019;41.0;Fear;10623.5400390625;19384917989
04/09/2019;43.0;Fear;10594.4931640625;16742664769
05/09/2019;41.0;Fear;10575.533203125;14551239508
06/09/2019;43.0;Fear;10353.302734375;19536574783
07/09/2019;39.0;Fear;10517.2548828125;15307366476
08/09/2019;43.0;Fear;10441.2763671875;13670567493
09/09/2019;41.0;Fear;10334.974609375;17595943368
10/09/2019;41.0;Fear;10115.9755859375;14906809639
11/09/2019;38.0;Fear;10178.3720703125;15428063426
12/09/2019;39.0;Fear;10410.126953125;15323563925
13/09/2019;38.0;Fear;10360.546875;14109864675
14/09/2019;39.0;Fear;10358.048828125;13468713124
15/09/2019;38.0;Fear;10347.712890625;12043433567
16/09/2019;38.0;Fear;10276.7939453125;15160167779
17/09/2019;41.0;Fear;10241.2724609375;15304603363
18/09/2019;38.0;Fear;10198.248046875;16169268880
19/09/2019;31.0;Fear;10266.4150390625;19937691247
20/09/2019;41.0;Fear;10181.6416015625;14734189639
21/09/2019;37.0;Fear;10019.716796875;13425266806
22/09/2019;37.0;Fear;10070.392578125;13199651698
23/09/2019;41.0;Fear;9729.32421875;15144925408
24/09/2019;39.0;Fear;8620.56640625;25002886689
25/09/2019;15.0;Extreme Fear;8486.9931640625;21744728353
26/09/2019;12.0;Extreme Fear;8118.9677734375;19258205289
27/09/2019;24.0;Extreme Fear;8251.845703125;16408941156
28/09/2019;32.0;Fear;8245.9150390625;14141152736
29/09/2019;33.0;Fear;8104.185546875;13034629109
30/09/2019;27.0;Fear;8293.8681640625;17115474183
01/10/2019;38.0;Fear;8343.2763671875;15305343413
02/10/2019;39.0;Fear;8393.0419921875;13125712443
03/10/2019;37.0;Fear;8259.9921875;13668823409
04/10/2019;30.0;Fear;8205.939453125;13139456229
05/10/2019;31.0;Fear;8151.50048828125;12200497197
06/10/2019;32.0;Fear;7988.15576171875;13160830305
07/10/2019;27.0;Fear;8245.623046875;18009742607
08/10/2019;39.0;Fear;8228.783203125;15592264032
09/10/2019;37.0;Fear;8595.740234375;19384942333
10/10/2019;41.0;Fear;8586.4736328125;17618660671
11/10/2019;39.0;Fear;8321.7568359375;19604381101
12/10/2019;38.0;Fear;8336.5556640625;14532641605
13/10/2019;38.0;Fear;8321.005859375;13808286059
14/10/2019;37.0;Fear;8374.6865234375;15151387859
15/10/2019;39.0;Fear;8205.369140625;15220412632
16/10/2019;40.0;Fear;8047.52685546875;16071646996
17/10/2019;40.0;Fear;8103.9111328125;14313052244
18/10/2019;40.0;Fear;7973.20751953125;15651592610
19/10/2019;41.0;Fear;7988.560546875;13797825640
20/10/2019;37.0;Fear;8222.078125;15504249442
21/10/2019;37.0;Fear;8243.720703125;15868748866
22/10/2019;39.0;Fear;8078.203125;16803377857
23/10/2019;33.0;Fear;7514.671875;21942878958
24/10/2019;20.0;Extreme Fear;7493.48876953125;16268708849
25/10/2019;24.0;Extreme Fear;8660.7001953125;28705065488
26/10/2019;53.0;Neutral;9244.97265625;44496255609
27/10/2019;50.0;Neutral;9551.71484375;32593129501
28/10/2019;52.0;Neutral;9256.1484375;30948255332
29/10/2019;54.0;Neutral;9427.6875;28426779937
30/10/2019;53.0;Neutral;9205.7265625;27706531577
31/10/2019;50.0;Neutral;9199.5849609375;26583653947
01/11/2019;49.0;Neutral;9261.1044921875;24324691031
02/11/2019;51.0;Neutral;9324.7177734375;21242676385
03/11/2019;56.0;Greed;9235.3544921875;21132220847
04/11/2019;49.0;Neutral;9412.6123046875;26170255634
05/11/2019;54.0;Neutral;9342.52734375;26198609048
06/11/2019;53.0;Neutral;9360.8798828125;23133895765
07/11/2019;54.0;Neutral;9267.5615234375;22700383839
08/11/2019;42.0;Fear;8804.880859375;24333037836
09/11/2019;38.0;Fear;8813.58203125;17578630606
10/11/2019;39.0;Fear;9055.5263671875;20587919881
11/11/2019;40.0;Fear;8757.7880859375;20265510765
12/11/2019;39.0;Fear;8815.662109375;20309769107
13/11/2019;38.0;Fear;8808.2626953125;17545755405
14/11/2019;41.0;Fear;8708.0947265625;19084739975
15/11/2019;38.0;Fear;8491.9921875;21796856471
16/11/2019;41.0;Fear;8550.7607421875;16495389808
17/11/2019;38.0;Fear;8577.9755859375;18668638897
18/11/2019;38.0;Fear;8309.2861328125;21579470673
19/11/2019;32.0;Fear;8206.1455078125;21083613816
20/11/2019;32.0;Fear;8027.26806640625;20764300437
21/11/2019;30.0;Fear;7642.75;22514243371
22/11/2019;20.0;Extreme Fear;7296.57763671875;34242315785
23/11/2019;23.0;Extreme Fear;7397.796875;21008924418
24/11/2019;21.0;Extreme Fear;7047.9169921875;30433517289
25/11/2019;17.0;Extreme Fear;7146.1337890625;42685231262
26/11/2019;21.0;Extreme Fear;7218.37109375;21129505542
27/11/2019;20.0;Extreme Fear;7531.66357421875;23991412764
28/11/2019;32.0;Fear;7463.10595703125;19050116751
29/11/2019;31.0;Fear;7761.24365234375;19709695456
30/11/2019;38.0;Fear;7569.6298828125;17158194786
01/12/2019;25.0;Extreme Fear;7424.29248046875;18720708479
02/12/2019;28.0;Fear;7321.98828125;17082040706
03/12/2019;28.0;Fear;7320.1455078125;14797485769
04/12/2019;24.0;Extreme Fear;7252.03466796875;21664240918
05/12/2019;21.0;Extreme Fear;7448.3076171875;18816085231
06/12/2019;29.0;Fear;7546.99658203125;18104466307
07/12/2019;32.0;Fear;7556.23779296875;15453520564
08/12/2019;28.0;Fear;7564.34521484375;15409908086
09/12/2019;32.0;Fear;7400.8994140625;17872021272
10/12/2019;26.0;Fear;7278.11962890625;18249031195
11/12/2019;20.0;Extreme Fear;7217.42724609375;16350490689
12/12/2019;23.0;Extreme Fear;7243.13427734375;18927080224
13/12/2019;22.0;Extreme Fear;7269.6845703125;17125736940
14/12/2019;27.0;Fear;7124.673828125;17137029730
15/12/2019;21.0;Extreme Fear;7152.3017578125;16881129804
16/12/2019;24.0;Extreme Fear;6932.48046875;20213265950
17/12/2019;23.0;Extreme Fear;6640.51513671875;22363804217
18/12/2019;15.0;Extreme Fear;7276.802734375;31836522778
19/12/2019;21.0;Extreme Fear;7202.84423828125;25904604416
20/12/2019;23.0;Extreme Fear;7218.81640625;22633815180
21/12/2019;23.0;Extreme Fear;7191.15869140625;19312552168
22/12/2019;20.0;Extreme Fear;7511.5888671875;23134537956
23/12/2019;33.0;Fear;7355.62841796875;27831788041
24/12/2019;25.0;Extreme Fear;7322.5322265625;22991622105
25/12/2019;22.0;Extreme Fear;7275.15576171875;21559505149
26/12/2019;39.0;Fear;7238.966796875;22787010034
27/12/2019;38.0;Fear;7290.08837890625;22777360996
28/12/2019;37.0;Fear;7317.990234375;21365673026
29/12/2019;37.0;Fear;7422.65283203125;22445257702
30/12/2019;40.0;Fear;7292.9951171875;22874131672
31/12/2019;38.0;Fear;7193.59912109375;21167946112
01/01/2020;37.0;Fear;7200.17431640625;18565664997
02/01/2020;39.0;Fear;6985.47021484375;20802083465
03/01/2020;38.0;Fear;7344.88427734375;28111481032
04/01/2020;38.0;Fear;7410.65673828125;18444271275
05/01/2020;39.0;Fear;7411.3173828125;19725074095
06/01/2020;41.0;Fear;7769.21923828125;23276261598
07/01/2020;40.0;Fear;8163.6923828125;28767291327
08/01/2020;51.0;Neutral;8079.86279296875;31672559265
09/01/2020;44.0;Fear;7879.0712890625;24045990466
10/01/2020;41.0;Fear;8166.55419921875;28714583844
11/01/2020;50.0;Neutral;8037.53759765625;25521165085
12/01/2020;45.0;Fear;8192.494140625;22903438381
13/01/2020;49.0;Neutral;8144.1943359375;22482910688
14/01/2020;56.0;Greed;8827.7646484375;44841784107
15/01/2020;54.0;Neutral;8807.0107421875;40102834650
16/01/2020;55.0;Greed;8723.7861328125;31313981931
17/01/2020;54.0;Neutral;8929.0380859375;36372139320
18/01/2020;51.0;Neutral;8942.80859375;32337772627
19/01/2020;53.0;Neutral;8706.2451171875;34217320471
20/01/2020;48.0;Neutral;8657.642578125;26422375678
21/01/2020;49.0;Neutral;8745.89453125;24097418512
22/01/2020;52.0;Neutral;8680.8759765625;22600204051
23/01/2020;49.0;Neutral;8406.515625;25770680779
24/01/2020;40.0;Fear;8445.4345703125;24397913026
25/01/2020;41.0;Fear;8367.84765625;19647331549
26/01/2020;42.0;Fear;8596.830078125;22177678796
27/01/2020;50.0;Neutral;8909.8193359375;28647338393
28/01/2020;54.0;Neutral;9358.58984375;34398744403
29/01/2020;57.0;Greed;9316.6298828125;30682598115
30/01/2020;57.0;Greed;9508.9931640625;32378792851
31/01/2020;55.0;Greed;9350.529296875;29432489719
01/02/2020;57.0;Greed;9392.875;25922656496
02/02/2020;57.0;Greed;9344.365234375;30835736946
03/02/2020;59.0;Greed;9293.521484375;30934096509
04/02/2020;56.0;Greed;9180.962890625;29893183716
05/02/2020;53.0;Neutral;9613.423828125;35222060874
06/02/2020;61.0;Greed;9729.8017578125;37628823716
07/02/2020;56.0;Greed;9795.943359375;34522718159
08/02/2020;56.0;Greed;9865.119140625;35172043762
09/02/2020;56.0;Greed;10116.673828125;35807884663
10/02/2020;57.0;Greed;9856.611328125;39386548075
11/02/2020;52.0;Neutral;10208.236328125;37648059389
12/02/2020;61.0;Greed;10326.0546875;43444303830
13/02/2020;65.0;Greed;10214.3798828125;49356071373
14/02/2020;63.0;Greed;10312.1162109375;43338264162
15/02/2020;64.0;Greed;9889.4248046875;43865054831
16/02/2020;59.0;Greed;9934.43359375;43374780305
17/02/2020;49.0;Neutral;9690.142578125;45998298413
18/02/2020;53.0;Neutral;10141.99609375;47271023953
19/02/2020;50.0;Neutral;9633.38671875;46992019710
20/02/2020;44.0;Fear;9608.4755859375;44925260237
21/02/2020;44.0;Fear;9686.44140625;40930547513
22/02/2020;43.0;Fear;9663.181640625;35838025154
23/02/2020;46.0;Fear;9924.515625;41185185761
24/02/2020;46.0;Fear;9650.1748046875;45080496648
25/02/2020;44.0;Fear;9341.705078125;42515259129
26/02/2020;41.0;Fear;8820.5224609375;50420050762
27/02/2020;39.0;Fear;8784.494140625;45470195695
28/02/2020;40.0;Fear;8672.455078125;44605450443
29/02/2020;38.0;Fear;8599.5087890625;35792392544
01/03/2020;39.0;Fear;8562.4541015625;35349164300
02/03/2020;38.0;Fear;8869.669921875;42857674409
03/03/2020;38.0;Fear;8787.7861328125;42386715821
04/03/2020;40.0;Fear;8755.24609375;34746706368
05/03/2020;41.0;Fear;9078.7626953125;39698054597
06/03/2020;39.0;Fear;9122.5458984375;40826885651
07/03/2020;38.0;Fear;8909.9541015625;36216930370
08/03/2020;33.0;Fear;8108.1162109375;39973102121
09/03/2020;17.0;Extreme Fear;7923.64453125;46936995808
10/03/2020;16.0;Extreme Fear;7909.7294921875;42213940994
11/03/2020;17.0;Extreme Fear;7911.43017578125;38682762605
12/03/2020;14.0;Extreme Fear;4970.7880859375;53980357243
13/03/2020;10.0;Extreme Fear;5563.70703125;74156772075
14/03/2020;8.0;Extreme Fear;5200.3662109375;36154506008
15/03/2020;12.0;Extreme Fear;5392.31494140625;33997889639
16/03/2020;9.0;Extreme Fear;5014.47998046875;45368026430
17/03/2020;8.0;Extreme Fear;5225.62939453125;38622642935
18/03/2020;11.0;Extreme Fear;5238.4384765625;37878801016
19/03/2020;12.0;Extreme Fear;6191.19287109375;51000731797
20/03/2020;9.0;Extreme Fear;6198.7783203125;54442976103
21/03/2020;9.0;Extreme Fear;6185.06640625;42494390880
22/03/2020;11.0;Extreme Fear;5830.2548828125;40099664740
23/03/2020;10.0;Extreme Fear;6416.31494140625;46491916000
24/03/2020;12.0;Extreme Fear;6734.8037109375;48221910672
25/03/2020;13.0;Extreme Fear;6681.06298828125;44590107888
26/03/2020;14.0;Extreme Fear;6716.4404296875;35319797642
27/03/2020;12.0;Extreme Fear;6469.79833984375;34585598367
28/03/2020;8.0;Extreme Fear;6242.19384765625;34885225901
29/03/2020;12.0;Extreme Fear;5922.04296875;28373690931
30/03/2020;10.0;Extreme Fear;6429.841796875;37101651525
31/03/2020;12.0;Extreme Fear;6438.64453125;32786468812
01/04/2020;12.0;Extreme Fear;6606.7763671875;40346426266
02/04/2020;14.0;Extreme Fear;6793.62451171875;47660646124
03/04/2020;14.0;Extreme Fear;6733.38720703125;38976504903
04/04/2020;12.0;Extreme Fear;6867.52734375;33185988584
05/04/2020;12.0;Extreme Fear;6791.12939453125;29510409856
06/04/2020;12.0;Extreme Fear;7271.78125;46896904615
07/04/2020;20.0;Extreme Fear;7176.41455078125;44243482668
08/04/2020;21.0;Extreme Fear;7334.0986328125;37563249549
09/04/2020;22.0;Extreme Fear;7302.08935546875;34815139178
10/04/2020;15.0;Extreme Fear;6865.4931640625;43622840992
11/04/2020;15.0;Extreme Fear;6859.0830078125;31222085946
12/04/2020;10.0;Extreme Fear;6971.091796875;35759567632
13/04/2020;11.0;Extreme Fear;6845.03759765625;38619308647
14/04/2020;15.0;Extreme Fear;6842.427734375;34110434052
15/04/2020;18.0;Extreme Fear;6642.10986328125;32288311031
16/04/2020;13.0;Extreme Fear;7116.80419921875;46783242377
17/04/2020;15.0;Extreme Fear;7096.1845703125;32513423567
18/04/2020;18.0;Extreme Fear;7257.6650390625;32447188386
19/04/2020;16.0;Extreme Fear;7189.4248046875;31311210215
20/04/2020;15.0;Extreme Fear;6881.95849609375;37747113936
21/04/2020;17.0;Extreme Fear;6880.3232421875;32589741511
22/04/2020;19.0;Extreme Fear;7117.20751953125;33249153866
23/04/2020;19.0;Extreme Fear;7429.724609375;43500782316
24/04/2020;20.0;Extreme Fear;7550.90087890625;34636526286
25/04/2020;24.0;Extreme Fear;7569.93603515625;32941541447
26/04/2020;21.0;Extreme Fear;7679.8671875;33070154491
27/04/2020;28.0;Fear;7795.60107421875;36162144725
28/04/2020;26.0;Fear;7807.05859375;33187959921
29/04/2020;26.0;Fear;8801.0380859375;60201052203
30/04/2020;44.0;Fear;8658.5537109375;66964629541
01/05/2020;40.0;Fear;8864.7666015625;44068389997
02/05/2020;40.0;Fear;8988.5966796875;40134388683
03/05/2020;45.0;Fear;8897.46875;47101785174
04/05/2020;44.0;Fear;8912.654296875;45718796276
05/05/2020;40.0;Fear;9003.0703125;43148462663
06/05/2020;42.0;Fear;9268.76171875;49371886931
07/05/2020;49.0;Neutral;9951.5185546875;61112700562
08/05/2020;55.0;Greed;9842.666015625;51780748042
09/05/2020;56.0;Greed;9593.896484375;46566121841
10/05/2020;48.0;Neutral;8756.4306640625;63325279337
11/05/2020;40.0;Fear;8601.7958984375;57119858802
12/05/2020;39.0;Fear;8804.4775390625;42142717533
13/05/2020;41.0;Fear;9269.9873046875;45558144023
14/05/2020;40.0;Fear;9733.7216796875;56426907637
15/05/2020;44.0;Fear;9328.197265625;48158802327
16/05/2020;41.0;Fear;9377.013671875;36164766408
17/05/2020;40.0;Fear;9670.7392578125;40084250663
18/05/2020;50.0;Neutral;9726.5751953125;41827139896
19/05/2020;50.0;Neutral;9729.0380859375;39254288955
20/05/2020;52.0;Neutral;9522.9814453125;36546239703
21/05/2020;49.0;Neutral;9081.76171875;39326160532
22/05/2020;42.0;Fear;9182.5771484375;29810773699
23/05/2020;40.0;Fear;9209.287109375;27727866812
24/05/2020;43.0;Fear;8790.3681640625;32518803300
25/05/2020;41.0;Fear;8906.9345703125;31288157264
26/05/2020;39.0;Fear;8835.052734375;29584186947
27/05/2020;39.0;Fear;9181.017578125;32740536902
28/05/2020;41.0;Fear;9525.7509765625;34367073114
29/05/2020;48.0;Neutral;9439.1240234375;32896642044
30/05/2020;48.0;Neutral;9700.4140625;32722975141
31/05/2020;51.0;Neutral;9461.05859375;27773290299
01/06/2020;50.0;Neutral;10167.2685546875;35198901068
02/06/2020;56.0;Greed;9529.8037109375;39137252109
03/06/2020;48.0;Neutral;9656.7177734375;25007459262
04/06/2020;54.0;Neutral;9800.63671875;25921805072
05/06/2020;53.0;Neutral;9665.533203125;23509628646
06/06/2020;54.0;Neutral;9653.6796875;20438419222
07/06/2020;54.0;Neutral;9758.8525390625;25015250846
08/06/2020;53.0;Neutral;9771.4892578125;21486346312
09/06/2020;52.0;Neutral;9795.7001953125;23717842783
10/06/2020;54.0;Neutral;9870.0947265625;25706567601
11/06/2020;52.0;Neutral;9321.78125;30247143440
12/06/2020;38.0;Fear;9480.84375;22610564515
13/06/2020;38.0;Fear;9475.27734375;17564322315
14/06/2020;40.0;Fear;9386.7880859375;18991732746
15/06/2020;37.0;Fear;9450.7021484375;26699704768
16/06/2020;39.0;Fear;9538.0244140625;21565537209
17/06/2020;38.0;Fear;9480.2548828125;20177709879
18/06/2020;40.0;Fear;9411.8408203125;17770083003
19/06/2020;39.0;Fear;9288.0185546875;19632223107
20/06/2020;38.0;Fear;9332.3408203125;17130541557
21/06/2020;37.0;Fear;9303.6298828125;15324301169
22/06/2020;38.0;Fear;9648.7177734375;21104009514
23/06/2020;41.0;Fear;9629.658203125;17006433272
24/06/2020;50.0;Neutral;9313.6103515625;18961716076
25/06/2020;43.0;Fear;9264.8134765625;18616048626
26/06/2020;40.0;Fear;9162.91796875;18341465837
27/06/2020;43.0;Fear;9045.390625;17273093144
28/06/2020;40.0;Fear;9143.58203125;14560870760
29/06/2020;41.0;Fear;9190.8544921875;16460547078
30/06/2020;44.0;Fear;9137.9931640625;15735797744
01/07/2020;42.0;Fear;9228.3251953125;15971550355
02/07/2020;42.0;Fear;9123.41015625;16338916796
03/07/2020;41.0;Fear;9087.3037109375;13078970999
04/07/2020;40.0;Fear;9132.48828125;12290528515
05/07/2020;38.0;Fear;9073.9423828125;12903406143
06/07/2020;40.0;Fear;9375.474609375;17889263252
07/07/2020;43.0;Fear;9252.27734375;13839652595
08/07/2020;44.0;Fear;9428.3330078125;19702359883
09/07/2020;44.0;Fear;9277.9677734375;18000702524
10/07/2020;41.0;Fear;9278.8076171875;16860035605
11/07/2020;44.0;Fear;9240.3466796875;13249910444
12/07/2020;41.0;Fear;9276.5;14452361907
13/07/2020;43.0;Fear;9243.6142578125;17519821266
14/07/2020;43.0;Fear;9243.2138671875;18085038362
15/07/2020;44.0;Fear;9192.8369140625;15844731575
16/07/2020;43.0;Fear;9132.2275390625;15713967523
17/07/2020;41.0;Fear;9151.392578125;13944570749
18/07/2020;44.0;Fear;9159.0400390625;12252601475
19/07/2020;41.0;Fear;9185.8173828125;12939002784
20/07/2020;44.0;Fear;9164.2314453125;13755604146
21/07/2020;44.0;Fear;9374.8876953125;18069581956
22/07/2020;50.0;Neutral;9525.36328125;16532254884
23/07/2020;55.0;Greed;9581.072265625;18146399002
24/07/2020;53.0;Neutral;9536.892578125;16552768325
25/07/2020;55.0;Greed;9677.11328125;16610070933
26/07/2020;55.0;Greed;9905.1669921875;20507998997
27/07/2020;58.0;Greed;10990.873046875;35359749590
28/07/2020;76.0;Extreme Greed;10912.8232421875;28766551142
29/07/2020;71.0;Greed;11100.4677734375;24617249715
30/07/2020;76.0;Extreme Greed;11111.2138671875;22857247901
31/07/2020;75.0;Greed;11323.466796875;23160469766
01/08/2020;75.0;Greed;11759.5927734375;26075670303
02/08/2020;80.0;Extreme Greed;11053.6142578125;27410067336
03/08/2020;75.0;Greed;11246.3486328125;20271713443
04/08/2020;72.0;Greed;11205.892578125;21250197042
05/08/2020;75.0;Greed;11747.0224609375;24411254471
06/08/2020;79.0;Extreme Greed;11779.7734375;23400740340
07/08/2020;77.0;Extreme Greed;11601.47265625;23132312867
08/08/2020;77.0;Extreme Greed;11754.0458984375;17572057837
09/08/2020;79.0;Extreme Greed;11675.7392578125;17489608833
10/08/2020;78.0;Extreme Greed;11878.111328125;26114112569
11/08/2020;84.0;Extreme Greed;11410.525390625;27039782640
12/08/2020;75.0;Greed;11584.9345703125;25064548486
13/08/2020;75.0;Greed;11784.1376953125;27522199497
14/08/2020;78.0;Extreme Greed;11768.87109375;24237958589
15/08/2020;79.0;Extreme Greed;11865.6982421875;23354924400
16/08/2020;82.0;Extreme Greed;11892.8037109375;20583375490
17/08/2020;83.0;Extreme Greed;12254.40234375;28227687027
18/08/2020;82.0;Extreme Greed;11991.2333984375;26043227672
19/08/2020;80.0;Extreme Greed;11758.283203125;24502851117
20/08/2020;75.0;Greed;11878.3720703125;20175242945
21/08/2020;81.0;Extreme Greed;11592.4892578125;23762425999
22/08/2020;78.0;Extreme Greed;11681.8251953125;20224191306
23/08/2020;76.0;Extreme Greed;11664.84765625;18482062658
24/08/2020;78.0;Extreme Greed;11774.595703125;20681511755
25/08/2020;75.0;Greed;11366.134765625;26301509932
26/08/2020;76.0;Extreme Greed;11488.36328125;22466660958
27/08/2020;75.0;Greed;11323.3974609375;23240415076
28/08/2020;74.0;Greed;11542.5;19807127588
29/08/2020;79.0;Extreme Greed;11506.865234375;17485597759
30/08/2020;75.0;Greed;11711.505859375;19760127945
31/08/2020;75.0;Greed;11680.8203125;22285928250
01/09/2020;75.0;Greed;11970.478515625;27311555343
02/09/2020;83.0;Extreme Greed;11414.0341796875;28037405299
03/09/2020;79.0;Extreme Greed;10245.296875;31927261555
04/09/2020;40.0;Fear;10511.8134765625;29965130374
05/09/2020;41.0;Fear;10169.5673828125;44916565292
06/09/2020;41.0;Fear;10280.3515625;37071460174
07/09/2020;41.0;Fear;10369.5634765625;33703098409
08/09/2020;41.0;Fear;10131.5166015625;33430927462
09/09/2020;38.0;Fear;10242.34765625;24128292755
10/09/2020;38.0;Fear;10363.138671875;54406443211
11/09/2020;41.0;Fear;10400.9150390625;45201121775
12/09/2020;41.0;Fear;10442.1708984375;36750077324
13/09/2020;38.0;Fear;10323.755859375;36506852789
14/09/2020;39.0;Fear;10680.837890625;35453581940
15/09/2020;47.0;Neutral;10796.951171875;32509451925
16/09/2020;43.0;Fear;10974.9052734375;30769986455
17/09/2020;48.0;Neutral;10948.990234375;38151810523
18/09/2020;49.0;Neutral;10944.5859375;26341903912
19/09/2020;48.0;Neutral;11094.3466796875;22764204008
20/09/2020;52.0;Neutral;10938.271484375;24699523788
21/09/2020;48.0;Neutral;10462.259765625;28884999244
22/09/2020;39.0;Fear;10538.4599609375;23621787804
23/09/2020;43.0;Fear;10246.1865234375;23788661867
24/09/2020;39.0;Fear;10760.06640625;47144380902
25/09/2020;46.0;Fear;10692.716796875;39348590957
26/09/2020;45.0;Fear;10750.7236328125;46852525493
27/09/2020;47.0;Neutral;10775.26953125;53745972818
28/09/2020;43.0;Fear;10709.65234375;47762394731
29/09/2020;45.0;Fear;10844.640625;46582396602
30/09/2020;49.0;Neutral;10784.4912109375;44171073700
01/10/2020;45.0;Fear;10619.4521484375;40023134100
02/10/2020;41.0;Fear;10575.974609375;48661453918
03/10/2020;40.0;Fear;10549.3291015625;44660271563
04/10/2020;42.0;Fear;10669.5830078125;71251776995
05/10/2020;42.0;Fear;10793.33984375;47537578009
06/10/2020;47.0;Neutral;10604.40625;42623695307
07/10/2020;43.0;Fear;10668.96875;37799458436
08/10/2020;46.0;Fear;10915.685546875;63314794397
09/10/2020;48.0;Neutral;11064.4580078125;22799117613
10/10/2020;53.0;Neutral;11296.361328125;22877978588
11/10/2020;55.0;Greed;11384.181640625;19968627060
12/10/2020;52.0;Neutral;11555.36328125;26163972642
13/10/2020;56.0;Greed;11425.8994140625;24241420251
14/10/2020;53.0;Neutral;11429.5068359375;24103426719
15/10/2020;56.0;Greed;11495.349609375;24487233058
16/10/2020;52.0;Neutral;11322.123046875;25635480772
17/10/2020;56.0;Greed;11358.1015625;19130430174
18/10/2020;55.0;Greed;11483.359375;18283314340
19/10/2020;55.0;Greed;11742.037109375;23860769928
20/10/2020;56.0;Greed;11916.3349609375;30915821592
21/10/2020;61.0;Greed;12823.689453125;43414712626
22/10/2020;73.0;Greed;12965.8916015625;34729759598
23/10/2020;74.0;Greed;12931.5390625;28974975003
24/10/2020;73.0;Greed;13108.0625;24542317940
25/10/2020;76.0;Extreme Greed;13031.173828125;24406920575
26/10/2020;75.0;Greed;13075.248046875;29461458313
27/10/2020;61.0;Greed;13654.21875;33749878156
28/10/2020;70.0;Greed;13271.28515625;35867318895
29/10/2020;67.0;Greed;13437.8828125;56499499598
30/10/2020;74.0;Greed;13546.5224609375;30581485201
31/10/2020;73.0;Greed;13780.9951171875;30306464719
01/11/2020;72.0;Greed;13737.109375;24453857900
02/11/2020;71.0;Greed;13550.4892578125;30771455468
03/11/2020;71.0;Greed;13950.30078125;29869951617
04/11/2020;74.0;Greed;14133.70703125;35116364962
05/11/2020;72.0;Greed;15579.8486328125;40856321439
06/11/2020;90.0;Extreme Greed;15565.880859375;39837841971
07/11/2020;88.0;Extreme Greed;14833.75390625;35024953706
08/11/2020;82.0;Extreme Greed;15479.5673828125;26632075029
09/11/2020;90.0;Extreme Greed;15332.3154296875;34149115566
10/11/2020;90.0;Extreme Greed;15290.90234375;25574938143
11/11/2020;86.0;Extreme Greed;15701.33984375;29772374934
12/11/2020;87.0;Extreme Greed;16276.34375;34175758344
13/11/2020;89.0;Extreme Greed;16317.80859375;31599492172
14/11/2020;90.0;Extreme Greed;16068.138671875;27481710135
15/11/2020;86.0;Extreme Greed;15955.587890625;23653867583
16/11/2020;90.0;Extreme Greed;16716.111328125;31526766675
17/11/2020;86.0;Extreme Greed;17645.40625;39006849170
18/11/2020;91.0;Extreme Greed;17804.005859375;49064800278
19/11/2020;94.0;Extreme Greed;17817.08984375;36985055355
20/11/2020;86.0;Extreme Greed;18621.314453125;36992873940
21/11/2020;91.0;Extreme Greed;18642.232421875;39650210707
22/11/2020;94.0;Extreme Greed;18370.001953125;41280434226
23/11/2020;90.0;Extreme Greed;18364.12109375;42741112308
24/11/2020;88.0;Extreme Greed;19107.46484375;51469565009
25/11/2020;94.0;Extreme Greed;18732.12109375;43710357371
26/11/2020;93.0;Extreme Greed;17150.623046875;61396835737
27/11/2020;86.0;Extreme Greed;17108.40234375;38886494645
28/11/2020;87.0;Extreme Greed;17717.4140625;32601040734
29/11/2020;89.0;Extreme Greed;18177.484375;31133957704
30/11/2020;88.0;Extreme Greed;19625.8359375;47728480399
01/12/2020;95.0;Extreme Greed;18802.998046875;49633658712
02/12/2020;92.0;Extreme Greed;19201.091796875;37387697139
03/12/2020;92.0;Extreme Greed;19445.3984375;31930317405
04/12/2020;92.0;Extreme Greed;18699.765625;33872388058
05/12/2020;93.0;Extreme Greed;19154.23046875;27242455064
06/12/2020;95.0;Extreme Greed;19345.12109375;25293775714
07/12/2020;94.0;Extreme Greed;19191.630859375;26896357742
08/12/2020;95.0;Extreme Greed;18321.14453125;31692288756
09/12/2020;86.0;Extreme Greed;18553.916015625;34420373071
10/12/2020;94.0;Extreme Greed;18264.9921875;25547132265
11/12/2020;89.0;Extreme Greed;18058.904296875;27919640985
12/12/2020;90.0;Extreme Greed;18803.65625;21752580802
13/12/2020;91.0;Extreme Greed;19142.3828125;25450468637
14/12/2020;95.0;Extreme Greed;19246.64453125;22473997681
15/12/2020;91.0;Extreme Greed;19417.076171875;26741982541
16/12/2020;92.0;Extreme Greed;21310.59765625;44409011479
17/12/2020;92.0;Extreme Greed;22805.162109375;71378606374
18/12/2020;95.0;Extreme Greed;23137.9609375;40387896275
19/12/2020;93.0;Extreme Greed;23869.83203125;38487546580
20/12/2020;92.0;Extreme Greed;23477.294921875;37844228422
21/12/2020;92.0;Extreme Greed;22803.08203125;45852713981
22/12/2020;88.0;Extreme Greed;23783.029296875;44171632681
23/12/2020;93.0;Extreme Greed;23241.345703125;51146161904
24/12/2020;86.0;Extreme Greed;23735.94921875;41080759713
25/12/2020;94.0;Extreme Greed;24664.791015625;42068395846
26/12/2020;93.0;Extreme Greed;26437.037109375;48332647295
27/12/2020;91.0;Extreme Greed;26272.294921875;66479895605
28/12/2020;92.0;Extreme Greed;27084.80859375;49056742893
29/12/2020;91.0;Extreme Greed;27362.4375;45265946774
30/12/2020;91.0;Extreme Greed;28840.953125;51287442704
31/12/2020;95.0;Extreme Greed;29001.720703125;46754964848
01/01/2021;94.0;Extreme Greed;29374.15234375;40730301359
02/01/2021;94.0;Extreme Greed;32127.267578125;67865420765
03/01/2021;93.0;Extreme Greed;32782.0234375;78665235202
04/01/2021;94.0;Extreme Greed;31971.9140625;81163475344
05/01/2021;93.0;Extreme Greed;33992.4296875;67547324782
06/01/2021;95.0;Extreme Greed;36824.36328125;75289433811
07/01/2021;91.0;Extreme Greed;39371.04296875;84762141031
08/01/2021;93.0;Extreme Greed;40797.609375;88107519480
09/01/2021;93.0;Extreme Greed;40254.546875;61984162837
10/01/2021;94.0;Extreme Greed;38356.44140625;79980747690
11/01/2021;90.0;Extreme Greed;35566.65625;1,23321E+11
12/01/2021;84.0;Extreme Greed;33922.9609375;74773277909
13/01/2021;78.0;Extreme Greed;37316.359375;69364315979
14/01/2021;83.0;Extreme Greed;39187.328125;63615990033
15/01/2021;88.0;Extreme Greed;36825.3671875;67760757881
16/01/2021;84.0;Extreme Greed;36178.140625;57706187875
17/01/2021;79.0;Extreme Greed;35791.27734375;52359854336
18/01/2021;79.0;Extreme Greed;36630.07421875;49511702429
19/01/2021;80.0;Extreme Greed;36069.8046875;57244195486
20/01/2021;78.0;Extreme Greed;35547.75;66834573161
21/01/2021;75.0;Greed;30825.69921875;75643067688
22/01/2021;40.0;Fear;33005.76171875;77207272511
23/01/2021;74.0;Greed;32067.642578125;48354737975
24/01/2021;70.0;Greed;32289.37890625;48643830599
25/01/2021;74.0;Greed;32366.392578125;59897054838
26/01/2021;71.0;Greed;32569.849609375;60255421470
27/01/2021;78.0;Extreme Greed;30432.546875;62576762015
28/01/2021;55.0;Greed;33466.09765625;76517157706
29/01/2021;77.0;Extreme Greed;34316.38671875;1,17895E+11
30/01/2021;76.0;Extreme Greed;34269.5234375;65141828798
31/01/2021;78.0;Extreme Greed;33114.359375;52754542671
01/02/2021;77.0;Extreme Greed;33537.17578125;61400400660
02/02/2021;76.0;Extreme Greed;35510.2890625;63088585433
03/02/2021;78.0;Extreme Greed;37472.08984375;61166818159
04/02/2021;80.0;Extreme Greed;36926.06640625;68838074392
05/02/2021;81.0;Extreme Greed;38144.30859375;58598066402
06/02/2021;84.0;Extreme Greed;39266.01171875;71326033653
07/02/2021;86.0;Extreme Greed;38903.44140625;65500641143
08/02/2021;83.0;Extreme Greed;46196.46484375;1,01467E+11
09/02/2021;95.0;Extreme Greed;46481.10546875;91809846886
10/02/2021;92.0;Extreme Greed;44918.18359375;87301089896
11/02/2021;93.0;Extreme Greed;47909.33203125;81388911810
12/02/2021;92.0;Extreme Greed;47504.8515625;76555041196
13/02/2021;92.0;Extreme Greed;47105.515625;70250456155
14/02/2021;95.0;Extreme Greed;48717.2890625;71248675228
15/02/2021;93.0;Extreme Greed;47945.05859375;77069903166
16/02/2021;95.0;Extreme Greed;49199.87109375;77049582886
17/02/2021;95.0;Extreme Greed;52149.0078125;80820545404
18/02/2021;91.0;Extreme Greed;51679.796875;52054723579
19/02/2021;93.0;Extreme Greed;55888.1328125;63495496918
20/02/2021;91.0;Extreme Greed;56099.51953125;68145460026
21/02/2021;91.0;Extreme Greed;57539.9453125;51897585191
22/02/2021;94.0;Extreme Greed;54207.3203125;92052420332
23/02/2021;94.0;Extreme Greed;48824.42578125;1,06102E+11
24/02/2021;76.0;Extreme Greed;49705.33203125;63695521388
25/02/2021;79.0;Extreme Greed;47093.8515625;54506565949
26/02/2021;55.0;Greed;46339.76171875;3,50968E+11
27/02/2021;56.0;Greed;46188.453125;45910946382
28/02/2021;55.0;Greed;45137.76953125;53443887451
01/03/2021;38.0;Fear;49631.2421875;53891300112
02/03/2021;78.0;Extreme Greed;48378.98828125;47530897720
03/03/2021;78.0;Extreme Greed;50538.2421875;53220811975
04/03/2021;84.0;Extreme Greed;48561.16796875;52343816680
05/03/2021;77.0;Extreme Greed;48927.3046875;48625928883
06/03/2021;77.0;Extreme Greed;48912.3828125;34363564661
07/03/2021;76.0;Extreme Greed;51206.69140625;43137459378
08/03/2021;81.0;Extreme Greed;52246.5234375;48597428048
09/03/2021;81.0;Extreme Greed;54824.1171875;50912227385
10/03/2021;68.0;Greed;56008.55078125;57295577614
11/03/2021;73.0;Greed;57805.12109375;56772343595
12/03/2021;70.0;Greed;57332.08984375;55689944702
13/03/2021;74.0;Greed;61243.0859375;60669829814
14/03/2021;78.0;Extreme Greed;59302.31640625;43901225564
15/03/2021;76.0;Extreme Greed;55907.19921875;66419369890
16/03/2021;71.0;Greed;56804.90234375;59749798599
17/03/2021;71.0;Greed;58870.89453125;60258313191
18/03/2021;72.0;Greed;57858.921875;55746041000
19/03/2021;71.0;Greed;58346.65234375;49063873786
20/03/2021;75.0;Greed;58313.64453125;50361731222
21/03/2021;73.0;Greed;57523.421875;51943414539
22/03/2021;70.0;Greed;54529.14453125;56521454974
23/03/2021;66.0;Greed;54738.9453125;56435023914
24/03/2021;65.0;Greed;52774.265625;70567223787
25/03/2021;60.0;Greed;51704.16015625;67999812841
26/03/2021;54.0;Neutral;55137.3125;56652197978
27/03/2021;65.0;Greed;55973.51171875;47266542233
28/03/2021;74.0;Greed;55950.74609375;47686580918
29/03/2021;72.0;Greed;57750.19921875;57625587027
30/03/2021;72.0;Greed;58917.69140625;54414116432
31/03/2021;76.0;Extreme Greed;58918.83203125;65520826225
01/04/2021;74.0;Greed;59095.80859375;61669163792
02/04/2021;74.0;Greed;59384.3125;58727860620
03/04/2021;73.0;Greed;57603.890625;59641344484
04/04/2021;74.0;Greed;58758.5546875;50749662970
05/04/2021;71.0;Greed;59057.87890625;60706272115
06/04/2021;75.0;Greed;58192.359375;66058027988
07/04/2021;72.0;Greed;56048.9375;75645303584
08/04/2021;73.0;Greed;58323.953125;53053855641
09/04/2021;70.0;Greed;58245.00390625;46655208546
10/04/2021;70.0;Greed;59793.234375;58238470525
11/04/2021;76.0;Extreme Greed;60204.96484375;46280252580
12/04/2021;74.0;Greed;59893.453125;51828688519
13/04/2021;74.0;Greed;63503.45703125;69983454362
14/04/2021;75.0;Greed;63109.6953125;77451779687
15/04/2021;79.0;Extreme Greed;63314.01171875;60954381579
16/04/2021;78.0;Extreme Greed;61572.7890625;84293007468
17/04/2021;76.0;Extreme Greed;60683.8203125;66138759198
18/04/2021;79.0;Extreme Greed;56216.18359375;97468872758
19/04/2021;74.0;Greed;55724.265625;65344865159
20/04/2021;73.0;Greed;56473.03125;67849323955
21/04/2021;73.0;Greed;53906.08984375;54926612466
22/04/2021;65.0;Greed;51762.2734375;74798630778
23/04/2021;55.0;Greed;51093.65234375;86668667320
24/04/2021;37.0;Fear;50050.8671875;49014494781
25/04/2021;31.0;Fear;49004.25390625;46117114240
26/04/2021;27.0;Fear;54021.75390625;58284039825
27/04/2021;50.0;Neutral;55033.1171875;49448222757
28/04/2021;59.0;Greed;54824.703125;48000572955
29/04/2021;52.0;Neutral;53555.109375;46088929780
30/04/2021;51.0;Neutral;57750.17578125;52395931985
01/05/2021;68.0;Greed;57828.05078125;42836427360
02/05/2021;66.0;Greed;56631.078125;38177405335
03/05/2021;61.0;Greed;57200.29296875;51713139031
04/05/2021;68.0;Greed;53333.5390625;68564706967
05/05/2021;48.0;Neutral;57424.0078125;69241316747
06/05/2021;65.0;Greed;56396.515625;69523285106
07/05/2021;64.0;Greed;57356.40234375;68434023376
08/05/2021;67.0;Greed;58803.77734375;65382980634
09/05/2021;73.0;Greed;58232.31640625;65906690347
10/05/2021;72.0;Greed;55859.796875;71776546298
11/05/2021;61.0;Greed;56704.57421875;61308396325
12/05/2021;68.0;Greed;49150.53515625;75215403907
13/05/2021;31.0;Fear;49716.19140625;96721152926
14/05/2021;26.0;Fear;49880.53515625;55737497453
15/05/2021;27.0;Fear;46760.1875;59161047474
16/05/2021;20.0;Extreme Fear;46456.05859375;64047871555
17/05/2021;27.0;Fear;43537.51171875;74903638450
18/05/2021;21.0;Extreme Fear;42909.40234375;56187365084
19/05/2021;23.0;Extreme Fear;37002.44140625;1,26358E+11
20/05/2021;11.0;Extreme Fear;40782.73828125;88281943359
21/05/2021;19.0;Extreme Fear;37304.69140625;82051616861
22/05/2021;12.0;Extreme Fear;37536.6328125;57377273240
23/05/2021;14.0;Extreme Fear;34770.58203125;78469274361
24/05/2021;10.0;Extreme Fear;38705.98046875;67359584098
25/05/2021;22.0;Extreme Fear;38402.22265625;56211915803
26/05/2021;22.0;Extreme Fear;39294.19921875;51346735160
27/05/2021;27.0;Fear;38436.96875;43210968721
28/05/2021;21.0;Extreme Fear;35697.60546875;55200191952
29/05/2021;18.0;Extreme Fear;34616.06640625;45231013335
30/05/2021;10.0;Extreme Fear;35678.12890625;31646080921
31/05/2021;18.0;Extreme Fear;37332.85546875;39009847639
01/06/2021;20.0;Extreme Fear;36684.92578125;34639423297
02/06/2021;23.0;Extreme Fear;37575.1796875;33070867190
03/06/2021;24.0;Extreme Fear;39208.765625;35460750427
04/06/2021;27.0;Fear;36894.40625;41831090187
05/06/2021;24.0;Extreme Fear;35551.95703125;35959473399
06/06/2021;17.0;Extreme Fear;35862.37890625;28913440585
07/06/2021;15.0;Extreme Fear;33560.70703125;33683936663
08/06/2021;13.0;Extreme Fear;33472.6328125;49902050442
09/06/2021;14.0;Extreme Fear;37345.12109375;53972919008
10/06/2021;21.0;Extreme Fear;36702.59765625;43576032854
11/06/2021;21.0;Extreme Fear;37334.3984375;38699736985
12/06/2021;28.0;Fear;35552.515625;37924228550
13/06/2021;23.0;Extreme Fear;39097.859375;40669112838
14/06/2021;28.0;Fear;40218.4765625;43148914673
15/06/2021;38.0;Fear;40406.26953125;46420149185
16/06/2021;33.0;Fear;38347.0625;39211635100
17/06/2021;26.0;Fear;38053.50390625;37096670047
18/06/2021;25.0;Extreme Fear;35787.24609375;36200887275
19/06/2021;23.0;Extreme Fear;35615.87109375;31207279719
20/06/2021;21.0;Extreme Fear;35698.296875;36664034054
21/06/2021;23.0;Extreme Fear;31676.693359375;52809038594
22/06/2021;10.0;Extreme Fear;32505.66015625;58964353058
23/06/2021;14.0;Extreme Fear;33723.02734375;46317108925
24/06/2021;22.0;Extreme Fear;34662.4375;33123368116
25/06/2021;27.0;Fear;31637.779296875;40230904226
26/06/2021;20.0;Extreme Fear;32186.27734375;38585385521
27/06/2021;22.0;Extreme Fear;34649.64453125;35511640894
28/06/2021;25.0;Extreme Fear;34434.3359375;33892523752
29/06/2021;25.0;Extreme Fear;35867.77734375;37901460044
30/06/2021;28.0;Fear;35040.8359375;34059036099
01/07/2021;28.0;Fear;33572.1171875;37838957079
02/07/2021;21.0;Extreme Fear;33897.046875;38728974942
03/07/2021;24.0;Extreme Fear;34668.546875;24383958643
04/07/2021;27.0;Fear;35287.78125;24924307911
05/07/2021;29.0;Fear;33746.00390625;26721554282
06/07/2021;20.0;Extreme Fear;34235.1953125;26501259870
07/07/2021;28.0;Fear;33855.328125;24796027477
08/07/2021;20.0;Extreme Fear;32877.37109375;29910396946
09/07/2021;20.0;Extreme Fear;33798.01171875;27436021028
10/07/2021;20.0;Extreme Fear;33520.51953125;22971873468
11/07/2021;20.0;Extreme Fear;34240.1875;20108729370
12/07/2021;25.0;Extreme Fear;33155.84765625;24321499537
13/07/2021;20.0;Extreme Fear;32702.025390625;19120856669
14/07/2021;21.0;Extreme Fear;32822.34765625;21376531210
15/07/2021;20.0;Extreme Fear;31780.73046875;21300524237
16/07/2021;22.0;Extreme Fear;31421.5390625;23699476918
17/07/2021;15.0;Extreme Fear;31533.068359375;18895018942
18/07/2021;19.0;Extreme Fear;31796.810546875;18787986667
19/07/2021;24.0;Extreme Fear;30817.83203125;20434789545
20/07/2021;19.0;Extreme Fear;29807.34765625;23148267245
21/07/2021;10.0;Extreme Fear;32110.693359375;28203024559
22/07/2021;21.0;Extreme Fear;32313.10546875;19555230518
23/07/2021;23.0;Extreme Fear;33581.55078125;22552046192
24/07/2021;22.0;Extreme Fear;34292.4453125;21664706865
25/07/2021;27.0;Fear;35350.1875;20856685287
26/07/2021;26.0;Fear;37337.53515625;51022126212
27/07/2021;32.0;Fear;39406.94140625;35097370560
28/07/2021;50.0;Neutral;39995.90625;38702404695
29/07/2021;50.0;Neutral;40008.421875;27167146027
30/07/2021;53.0;Neutral;42235.546875;33072782960
31/07/2021;60.0;Greed;41626.1953125;25802845343
01/08/2021;60.0;Greed;39974.89453125;26688438115
02/08/2021;48.0;Neutral;39201.9453125;25595265436
03/08/2021;48.0;Neutral;38152.98046875;26189830450
04/08/2021;42.0;Fear;39747.50390625;25372562724
05/08/2021;50.0;Neutral;40869.5546875;35185031017
06/08/2021;52.0;Neutral;42816.5;38226483046
07/08/2021;69.0;Greed;44555.80078125;40030862141
08/08/2021;74.0;Greed;43798.1171875;36302664750
09/08/2021;65.0;Greed;46365.40234375;38734079049
10/08/2021;71.0;Greed;45585.03125;33546019517
11/08/2021;70.0;Greed;45593.63671875;34319709073
12/08/2021;70.0;Greed;44428.2890625;33723620826
13/08/2021;70.0;Greed;47793.3203125;31744259539
14/08/2021;76.0;Extreme Greed;47096.9453125;31211354442
15/08/2021;71.0;Greed;47047.00390625;30988958446
16/08/2021;72.0;Greed;46004.484375;32776876610
17/08/2021;72.0;Greed;44695.359375;33451362600
18/08/2021;73.0;Greed;44801.1875;32194123075
19/08/2021;70.0;Greed;46717.578125;37204312299
20/08/2021;70.0;Greed;49339.17578125;34706867452
21/08/2021;78.0;Extreme Greed;48905.4921875;40585205312
22/08/2021;76.0;Extreme Greed;49321.65234375;25370975378
23/08/2021;79.0;Extreme Greed;49546.1484375;34305053719
24/08/2021;79.0;Extreme Greed;47706.1171875;35361168834
25/08/2021;73.0;Greed;48960.7890625;32646349931
26/08/2021;75.0;Greed;46942.21875;32666549568
27/08/2021;71.0;Greed;49058.66796875;34511076995
28/08/2021;78.0;Extreme Greed;48902.40234375;28568103401
29/08/2021;72.0;Greed;48829.83203125;25889650240
30/08/2021;73.0;Greed;47054.984375;31847007016
31/08/2021;73.0;Greed;47166.6875;34730363427
01/09/2021;71.0;Greed;48847.02734375;39139399125
02/09/2021;74.0;Greed;49327.72265625;39508070319
03/09/2021;74.0;Greed;50025.375;43206179619
04/09/2021;72.0;Greed;49944.625;37471327794
05/09/2021;73.0;Greed;51753.41015625;30322676319
06/09/2021;79.0;Extreme Greed;52633.53515625;38884105426
07/09/2021;79.0;Extreme Greed;46811.12890625;65210059683
08/09/2021;47.0;Neutral;46091.390625;49007762488
09/09/2021;45.0;Fear;46391.421875;38672657013
10/09/2021;46.0;Fear;44883.91015625;39154666597
11/09/2021;31.0;Fear;45201.45703125;34499835245
12/09/2021;32.0;Fear;46063.26953125;27881980161
13/09/2021;44.0;Fear;44963.07421875;40969943253
14/09/2021;30.0;Fear;47092.4921875;38652152880
15/09/2021;49.0;Neutral;48176.34765625;30484496466
16/09/2021;53.0;Neutral;47783.359375;31764293754
17/09/2021;48.0;Neutral;47267.51953125;28727713711
18/09/2021;50.0;Neutral;48278.36328125;28575630451
19/09/2021;53.0;Neutral;47260.21875;26967722648
20/09/2021;50.0;Neutral;42843.80078125;43909845642
21/09/2021;27.0;Fear;40693.67578125;48701090088
22/09/2021;21.0;Extreme Fear;43574.5078125;38139709246
23/09/2021;27.0;Fear;44895.09765625;34244064430
24/09/2021;33.0;Fear;42839.75;42839345714
25/09/2021;28.0;Fear;42716.59375;31604717236
26/09/2021;27.0;Fear;43208.5390625;30661222077
27/09/2021;26.0;Fear;42235.73046875;30980029059
28/09/2021;25.0;Extreme Fear;41034.54296875;30214940550
29/09/2021;24.0;Extreme Fear;41564.36328125;30602359905
30/09/2021;20.0;Extreme Fear;43790.89453125;31141681925
01/10/2021;27.0;Fear;48116.94140625;42850641582
02/10/2021;54.0;Neutral;47711.48828125;30614346492
03/10/2021;49.0;Neutral;48199.953125;26638115879
04/10/2021;54.0;Neutral;49112.90234375;33383173002
05/10/2021;59.0;Greed;51514.8125;35873904236
06/10/2021;68.0;Greed;55361.44921875;49034730168
07/10/2021;76.0;Extreme Greed;53805.984375;36807860413
08/10/2021;74.0;Greed;53967.84765625;34800873924
09/10/2021;72.0;Greed;54968.22265625;32491211414
10/10/2021;71.0;Greed;54771.578125;39527792364
11/10/2021;71.0;Greed;57484.7890625;42637331698
12/10/2021;78.0;Extreme Greed;56041.05859375;41083758949
13/10/2021;70.0;Greed;57401.09765625;41684252783
14/10/2021;70.0;Greed;57321.5234375;36615791366
15/10/2021;71.0;Greed;61593.94921875;51780081801
16/10/2021;78.0;Extreme Greed;60892.1796875;34250964237
17/10/2021;79.0;Extreme Greed;61553.6171875;29032367511
18/10/2021;78.0;Extreme Greed;62026.078125;38055562075
19/10/2021;75.0;Greed;64261.9921875;40471196346
20/10/2021;82.0;Extreme Greed;65992.8359375;40788955582
21/10/2021;84.0;Extreme Greed;62210.171875;45908121370
22/10/2021;75.0;Greed;60692.265625;38434082775
23/10/2021;74.0;Greed;61393.6171875;26882546034
24/10/2021;73.0;Greed;60930.8359375;27316183882
25/10/2021;72.0;Greed;63039.82421875;31064911614
26/10/2021;76.0;Extreme Greed;60363.79296875;34878965587
27/10/2021;73.0;Greed;58482.38671875;43657076893
28/10/2021;66.0;Greed;60622.13671875;45257083247
29/10/2021;70.0;Greed;62227.96484375;36856881767
30/10/2021;73.0;Greed;61888.83203125;32157938616
31/10/2021;74.0;Greed;61318.95703125;32241199927
01/11/2021;74.0;Greed;61004.40625;36150572843
02/11/2021;73.0;Greed;63226.40234375;37746665647
03/11/2021;76.0;Extreme Greed;62970.046875;36124731509
04/11/2021;73.0;Greed;61452.23046875;32615846901
05/11/2021;73.0;Greed;61125.67578125;30605102446
06/11/2021;71.0;Greed;61527.48046875;29094934221
07/11/2021;73.0;Greed;63326.98828125;24726754302
08/11/2021;75.0;Greed;67566.828125;41125608330
09/11/2021;84.0;Extreme Greed;66971.828125;42357991721
10/11/2021;75.0;Greed;64995.23046875;48730828378
11/11/2021;77.0;Extreme Greed;64949.9609375;35880633236
12/11/2021;74.0;Greed;64155.94140625;36084893887
13/11/2021;72.0;Greed;64469.52734375;30474228777
14/11/2021;74.0;Greed;65466.83984375;25122092191
15/11/2021;72.0;Greed;63557.87109375;30558763548
16/11/2021;71.0;Greed;60161.24609375;46844335592
17/11/2021;52.0;Neutral;60368.01171875;39178392930
18/11/2021;54.0;Neutral;56942.13671875;41388338699
19/11/2021;34.0;Fear;58119.578125;38702407772
20/11/2021;43.0;Fear;59697.1953125;30624264863
21/11/2021;49.0;Neutral;58730.4765625;26123447605
22/11/2021;50.0;Neutral;56289.2890625;35036121783
23/11/2021;33.0;Fear;57569.07421875;37485803899
24/11/2021;42.0;Fear;56280.42578125;36635566789
25/11/2021;32.0;Fear;57274.6796875;34284016248
26/11/2021;47.0;Neutral;53569.765625;41810748221
27/11/2021;21.0;Extreme Fear;54815.078125;30560857714
28/11/2021;27.0;Fear;57248.45703125;28116886357
29/11/2021;33.0;Fear;57806.56640625;32370840356
30/11/2021;40.0;Fear;57005.42578125;36708594618
01/12/2021;34.0;Fear;57229.828125;36858195307
02/12/2021;32.0;Fear;56477.81640625;32379968686
03/12/2021;31.0;Fear;53598.24609375;39789134215
04/12/2021;25.0;Extreme Fear;49200.703125;61385677469
05/12/2021;18.0;Extreme Fear;49368.84765625;37198201161
06/12/2021;16.0;Extreme Fear;50582.625;37707308001
07/12/2021;25.0;Extreme Fear;50700.0859375;33676814852
08/12/2021;28.0;Fear;50504.796875;28479699446
09/12/2021;29.0;Fear;47672.12109375;29603577251
10/12/2021;24.0;Extreme Fear;47243.3046875;30966005122
11/12/2021;16.0;Extreme Fear;49362.5078125;25775869261
12/12/2021;27.0;Fear;50098.3359375;21939223599
13/12/2021;28.0;Fear;46737.48046875;32166727776
14/12/2021;21.0;Extreme Fear;46612.6328125;34638619079
15/12/2021;28.0;Fear;48896.72265625;36541828520
16/12/2021;29.0;Fear;47665.42578125;27268150947
17/12/2021;23.0;Extreme Fear;46202.14453125;32902725329
18/12/2021;24.0;Extreme Fear;46848.77734375;26098292690
19/12/2021;29.0;Fear;46707.015625;25154053861
20/12/2021;25.0;Extreme Fear;46880.27734375;30961902129
21/12/2021;27.0;Fear;48936.61328125;27055803928
22/12/2021;45.0;Fear;48628.51171875;24447979559
23/12/2021;34.0;Fear;50784.5390625;28223878108
24/12/2021;41.0;Fear;50822.1953125;24367912228
25/12/2021;39.0;Fear;50429.859375;19030650914
26/12/2021;37.0;Fear;50809.515625;20964372926
27/12/2021;40.0;Fear;50640.41796875;24324345758
28/12/2021;41.0;Fear;47588.85546875;33430376883
29/12/2021;27.0;Fear;46444.7109375;30049226299
30/12/2021;22.0;Extreme Fear;47178.125;26686491018
31/12/2021;28.0;Fear;46306.4453125;36974172400
01/01/2022;21.0;Extreme Fear;47686.8125;24582667004
02/01/2022;29.0;Fear;47345.21875;27951569547
03/01/2022;29.0;Fear;46458.1171875;33071628362
04/01/2022;23.0;Extreme Fear;45897.57421875;42494677905
05/01/2022;24.0;Extreme Fear;43569.00390625;36851084859
06/01/2022;15.0;Extreme Fear;43160.9296875;30208048289
07/01/2022;18.0;Extreme Fear;41557.90234375;84196607520
08/01/2022;10.0;Extreme Fear;41733.94140625;28066355845
09/01/2022;23.0;Extreme Fear;41911.6015625;21294384372
10/01/2022;23.0;Extreme Fear;41821.26171875;32104232331
11/01/2022;21.0;Extreme Fear;42735.85546875;26327648900
12/01/2022;22.0;Extreme Fear;43949.1015625;33499938689
13/01/2022;21.0;Extreme Fear;42591.5703125;47691135082
14/01/2022;21.0;Extreme Fear;43099.69921875;23577403399
15/01/2022;23.0;Extreme Fear;43177.3984375;18371348298
16/01/2022;21.0;Extreme Fear;43113.87890625;17902097845
17/01/2022;22.0;Extreme Fear;42250.55078125;21690904261
18/01/2022;24.0;Extreme Fear;42375.6328125;22417209227
19/01/2022;24.0;Extreme Fear;41744.328125;23091543258
20/01/2022;24.0;Extreme Fear;40680.41796875;20382033940
21/01/2022;19.0;Extreme Fear;36457.31640625;43011992031
22/01/2022;13.0;Extreme Fear;35030.25;39714385405
23/01/2022;11.0;Extreme Fear;36276.8046875;26017975951
24/01/2022;13.0;Extreme Fear;36654.328125;41856658597
25/01/2022;12.0;Extreme Fear;36954.00390625;26428189594
26/01/2022;23.0;Extreme Fear;36852.12109375;31324598034
27/01/2022;20.0;Extreme Fear;37138.234375;25041426629
28/01/2022;24.0;Extreme Fear;37784.33203125;22238830523
29/01/2022;24.0;Extreme Fear;38138.1796875;17194183075
30/01/2022;29.0;Fear;37917.6015625;14643548444
31/01/2022;20.0;Extreme Fear;38483.125;20734730465
01/02/2022;26.0;Fear;38743.2734375;20288500328
02/02/2022;28.0;Fear;36952.984375;19155189416
03/02/2022;20.0;Extreme Fear;37154.6015625;18591534769
04/02/2022;20.0;Extreme Fear;41500.875;29412210792
05/02/2022;33.0;Fear;41441.1640625;19652846215
06/02/2022;37.0;Fear;42412.43359375;16142097334
07/02/2022;45.0;Fear;43840.28515625;28641855926
08/02/2022;48.0;Neutral;44118.4453125;33079398868
09/02/2022;54.0;Neutral;44338.796875;23245887300
10/02/2022;50.0;Neutral;43565.11328125;32142048537
11/02/2022;50.0;Neutral;42407.9375;26954925781
12/02/2022;44.0;Fear;42244.46875;18152390304
13/02/2022;44.0;Fear;42197.515625;14741589015
14/02/2022;46.0;Fear;42586.91796875;20827783012
15/02/2022;46.0;Fear;44575.203125;22721659051
16/02/2022;51.0;Neutral;43961.859375;19792547657
17/02/2022;52.0;Neutral;40538.01171875;26246662813
18/02/2022;30.0;Fear;40030.9765625;23310007704
19/02/2022;25.0;Extreme Fear;40122.15625;13736557863
20/02/2022;27.0;Fear;38431.37890625;18340576452
21/02/2022;25.0;Extreme Fear;37075.28125;29280402798
22/02/2022;20.0;Extreme Fear;38286.02734375;25493150450
23/02/2022;25.0;Extreme Fear;37296.5703125;21849073843
24/02/2022;23.0;Extreme Fear;38332.609375;46383802093
25/02/2022;27.0;Fear;39214.21875;26545599159
26/02/2022;26.0;Fear;39105.1484375;17467554129
27/02/2022;26.0;Fear;37709.78515625;23450127612
28/02/2022;20.0;Extreme Fear;43193.234375;35690014104
01/03/2022;51.0;Neutral;44354.63671875;32479047645
02/03/2022;52.0;Neutral;43924.1171875;29183112630
03/03/2022;39.0;Fear;42451.7890625;24967782593
04/03/2022;33.0;Fear;39137.60546875;28516271427
05/03/2022;22.0;Extreme Fear;39400.5859375;16975917450
06/03/2022;22.0;Extreme Fear;38419.984375;19745229902
07/03/2022;23.0;Extreme Fear;38062.0390625;28546143503
08/03/2022;21.0;Extreme Fear;38737.26953125;25776583476
09/03/2022;22.0;Extreme Fear;41982.92578125;32284121034
10/03/2022;28.0;Fear;39437.4609375;31078064711
11/03/2022;22.0;Extreme Fear;38794.97265625;26364890465
12/03/2022;22.0;Extreme Fear;38904.01171875;14616450657
13/03/2022;21.0;Extreme Fear;37849.6640625;17300745310
14/03/2022;23.0;Extreme Fear;39666.75390625;24322159070
15/03/2022;21.0;Extreme Fear;39338.78515625;23934000868
16/03/2022;24.0;Extreme Fear;41143.9296875;39616916192
17/03/2022;27.0;Fear;40951.37890625;22009601093
18/03/2022;25.0;Extreme Fear;41801.15625;34421564942
19/03/2022;28.0;Fear;42190.65234375;19664853187
20/03/2022;31.0;Fear;41247.82421875;20127946682
21/03/2022;30.0;Fear;41077.99609375;24615543271
22/03/2022;26.0;Fear;42358.80859375;32004652376
23/03/2022;31.0;Fear;42892.95703125;25242943069
24/03/2022;40.0;Fear;43960.93359375;31042992291
25/03/2022;47.0;Neutral;44348.73046875;30574413034
26/03/2022;51.0;Neutral;44500.828125;16950455995
27/03/2022;49.0;Neutral;46820.4921875;28160889722
28/03/2022;60.0;Greed;47128.00390625;36362175703
29/03/2022;56.0;Greed;47465.73046875;31397059069
30/03/2022;55.0;Greed;47062.6640625;29333883962
31/03/2022;52.0;Neutral;45538.67578125;33327427106
01/04/2022;50.0;Neutral;46281.64453125;38162644287
02/04/2022;52.0;Neutral;45868.94921875;29336594194
03/04/2022;48.0;Neutral;46453.56640625;25414397610
04/04/2022;52.0;Neutral;46622.67578125;32499785455
05/04/2022;53.0;Neutral;45555.9921875;29640604055
06/04/2022;48.0;Neutral;43206.73828125;39393395788
07/04/2022;34.0;Fear;43503.84765625;26101973106
08/04/2022;37.0;Fear;42287.6640625;27215995394
09/04/2022;30.0;Fear;42782.13671875;16050772496
10/04/2022;34.0;Fear;42207.671875;17654475582
11/04/2022;32.0;Fear;39521.90234375;33949912166
12/04/2022;20.0;Extreme Fear;40127.18359375;30991500854
13/04/2022;25.0;Extreme Fear;41166.73046875;27691105228
14/04/2022;28.0;Fear;39935.515625;24342001973
15/04/2022;22.0;Extreme Fear;40553.46484375;21756855753
16/04/2022;28.0;Fear;40424.484375;16833150693
17/04/2022;28.0;Fear;39716.953125;19087633042
18/04/2022;24.0;Extreme Fear;40826.21484375;33705182072
19/04/2022;27.0;Fear;41502.75;25303206547
20/04/2022;27.0;Fear;41374.37890625;27819532341
21/04/2022;27.0;Fear;40527.36328125;35372786395
22/04/2022;26.0;Fear;39740.3203125;28011716745
23/04/2022;24.0;Extreme Fear;39486.73046875;16138021249
24/04/2022;24.0;Extreme Fear;39469.29296875;17964398167
25/04/2022;23.0;Extreme Fear;40458.30859375;35445730570
26/04/2022;27.0;Fear;38117.4609375;34569088416
27/04/2022;21.0;Extreme Fear;39241.12109375;30981015184
28/04/2022;24.0;Extreme Fear;39773.828125;33903704907
29/04/2022;23.0;Extreme Fear;38609.82421875;30882994649
30/04/2022;20.0;Extreme Fear;37714.875;23895713731
01/05/2022;22.0;Extreme Fear;38469.09375;27002760110
02/05/2022;28.0;Fear;38529.328125;32922642426
03/05/2022;27.0;Fear;37750.453125;27326943244
04/05/2022;21.0;Extreme Fear;39698.37109375;36754404490
05/05/2022;27.0;Fear;36575.140625;43106256317
06/05/2022;22.0;Extreme Fear;36040.921875;37795577489
07/05/2022;23.0;Extreme Fear;35501.953125;24375896406
08/05/2022;18.0;Extreme Fear;34059.265625;36763041910
09/05/2022;11.0;Extreme Fear;30296.953125;63355494961
10/05/2022;10.0;Extreme Fear;31022.90625;59811038817
11/05/2022;12.0;Extreme Fear;28936.35546875;70388855818
12/05/2022;12.0;Extreme Fear;29047.751953125;66989173272
13/05/2022;10.0;Extreme Fear;29283.103515625;42841124537
14/05/2022;9.0;Extreme Fear;30101.265625;28579868620
15/05/2022;10.0;Extreme Fear;31305.11328125;25835372065
16/05/2022;14.0;Extreme Fear;29862.91796875;32613897286
17/05/2022;8.0;Extreme Fear;30425.857421875;29101473475
18/05/2022;12.0;Extreme Fear;28720.271484375;31285268319
19/05/2022;13.0;Extreme Fear;30314.333984375;33773447707
20/05/2022;13.0;Extreme Fear;29200.740234375;30749382605
21/05/2022;13.0;Extreme Fear;29432.2265625;17274840442
22/05/2022;14.0;Extreme Fear;30323.72265625;21631532270
23/05/2022;10.0;Extreme Fear;29098.91015625;31483454557
24/05/2022;12.0;Extreme Fear;29655.5859375;26616506245
25/05/2022;11.0;Extreme Fear;29562.361328125;27525063551
26/05/2022;12.0;Extreme Fear;29267.224609375;36774325352
27/05/2022;12.0;Extreme Fear;28627.57421875;36582005748
28/05/2022;13.0;Extreme Fear;28814.900390625;35519577634
29/05/2022;14.0;Extreme Fear;29445.95703125;18093886409
30/05/2022;10.0;Extreme Fear;31726.390625;39277993274
31/05/2022;16.0;Extreme Fear;31792.310546875;33538210634
01/06/2022;17.0;Extreme Fear;29799.080078125;41135817341
02/06/2022;13.0;Extreme Fear;30467.48828125;29083562061
03/06/2022;10.0;Extreme Fear;29704.390625;26175547452
04/06/2022;14.0;Extreme Fear;29832.9140625;16588370958
05/06/2022;10.0;Extreme Fear;29906.662109375;17264085441
06/06/2022;13.0;Extreme Fear;31370.671875;31947336829
07/06/2022;15.0;Extreme Fear;31155.478515625;40770974039
08/06/2022;17.0;Extreme Fear;30214.35546875;30242059107
09/06/2022;11.0;Extreme Fear;30111.998046875;21692004719
10/06/2022;13.0;Extreme Fear;29083.8046875;29867476527
11/06/2022;12.0;Extreme Fear;28360.810546875;27246574439
12/06/2022;14.0;Extreme Fear;26762.6484375;34163220274
13/06/2022;11.0;Extreme Fear;22487.388671875;68204556440
14/06/2022;8.0;Extreme Fear;22206.79296875;50913575242
15/06/2022;7.0;Extreme Fear;22572.83984375;54912007015
16/06/2022;7.0;Extreme Fear;20381.650390625;31183975654
17/06/2022;9.0;Extreme Fear;20471.482421875;27132421514
18/06/2022;6.0;Extreme Fear;19017.642578125;42009436760
19/06/2022;6.0;Extreme Fear;20553.271484375;35329942625
20/06/2022;9.0;Extreme Fear;20599.537109375;30818458597
21/06/2022;9.0;Extreme Fear;20710.59765625;28970212744
22/06/2022;11.0;Extreme Fear;19987.029296875;28574793478
23/06/2022;11.0;Extreme Fear;21085.876953125;26188097173
24/06/2022;11.0;Extreme Fear;21231.65625;24957784918
25/06/2022;14.0;Extreme Fear;21502.337890625;18372538715
26/06/2022;14.0;Extreme Fear;21027.294921875;18027170497
27/06/2022;12.0;Extreme Fear;20735.478515625;20965695707
28/06/2022;10.0;Extreme Fear;20280.634765625;21381535161
29/06/2022;13.0;Extreme Fear;20104.0234375;23552740328
30/06/2022;11.0;Extreme Fear;19784.7265625;26267239923
01/07/2022;11.0;Extreme Fear;19269.3671875;30767551159
02/07/2022;14.0;Extreme Fear;19242.255859375;18100418740
03/07/2022;11.0;Extreme Fear;19297.076171875;16390821947
04/07/2022;14.0;Extreme Fear;20231.26171875;21594638208
05/07/2022;19.0;Extreme Fear;20190.115234375;26715546990
06/07/2022;18.0;Extreme Fear;20548.24609375;24598943708
07/07/2022;18.0;Extreme Fear;21637.587890625;25814972520
08/07/2022;20.0;Extreme Fear;21731.1171875;49899834488
09/07/2022;24.0;Extreme Fear;21592.20703125;29641127858
10/07/2022;24.0;Extreme Fear;20860.44921875;28688807249
11/07/2022;22.0;Extreme Fear;19970.556640625;24150249025
12/07/2022;16.0;Extreme Fear;19323.9140625;25810220018
13/07/2022;15.0;Extreme Fear;20212.07421875;33042430345
14/07/2022;18.0;Extreme Fear;20569.919921875;31158743333
15/07/2022;15.0;Extreme Fear;20836.328125;25905575359
16/07/2022;21.0;Extreme Fear;21190.31640625;24302954056
17/07/2022;24.0;Extreme Fear;20779.34375;22927802083
18/07/2022;20.0;Extreme Fear;22485.689453125;39974475562
19/07/2022;30.0;Fear;23389.43359375;48765202697
20/07/2022;31.0;Fear;23231.732421875;42932549127
21/07/2022;34.0;Fear;23164.62890625;33631012204
22/07/2022;33.0;Fear;22714.978515625;31421555646
23/07/2022;31.0;Fear;22465.478515625;24021799169
24/07/2022;30.0;Fear;22609.1640625;23565495303
25/07/2022;30.0;Fear;21361.701171875;35574561406
26/07/2022;26.0;Fear;21239.75390625;28624673855
27/07/2022;28.0;Fear;22930.548828125;31758955233
28/07/2022;32.0;Fear;23843.88671875;40212386158
29/07/2022;39.0;Fear;23804.6328125;35887249746
30/07/2022;42.0;Fear;23656.20703125;28148218301
31/07/2022;39.0;Fear;23336.896484375;23553591896
01/08/2022;33.0;Fear;23314.19921875;25849159141
02/08/2022;31.0;Fear;22978.1171875;28389250717
03/08/2022;34.0;Fear;22846.5078125;26288169966
04/08/2022;30.0;Fear;22630.95703125;25120229769
05/08/2022;31.0;Fear;23289.314453125;28881249043
06/08/2022;31.0;Fear;22961.279296875;15978259885
07/08/2022;30.0;Fear;23175.890625;15886817043
08/08/2022;30.0;Fear;23809.486328125;28575544847
09/08/2022;42.0;Fear;23164.318359375;23555719219
10/08/2022;31.0;Fear;23947.642578125;32837431722
11/08/2022;41.0;Fear;23957.529296875;37127036580
12/08/2022;42.0;Fear;24402.818359375;27265804688
13/08/2022;46.0;Fear;24424.068359375;22987346289
14/08/2022;47.0;Neutral;24319.333984375;22994133555
15/08/2022;45.0;Fear;24136.97265625;35123501685
16/08/2022;44.0;Fear;23883.291015625;27753685646
17/08/2022;41.0;Fear;23335.998046875;30931623076
18/08/2022;30.0;Fear;23212.73828125;23747613147
19/08/2022;33.0;Fear;20877.552734375;40509610260
20/08/2022;29.0;Fear;21166.060546875;27595671000
21/08/2022;27.0;Fear;21534.12109375;23102307723
22/08/2022;29.0;Fear;21398.908203125;31666498758
23/08/2022;28.0;Fear;21528.087890625;31878280659
24/08/2022;25.0;Extreme Fear;21395.01953125;31962253368
25/08/2022;25.0;Extreme Fear;21600.904296875;31028679593
26/08/2022;27.0;Fear;20260.01953125;42326789564
27/08/2022;28.0;Fear;20041.73828125;30116729776
28/08/2022;28.0;Fear;19616.814453125;24366810591
29/08/2022;24.0;Extreme Fear;20297.994140625;32637854078
30/08/2022;27.0;Fear;19796.80859375;34483360283
31/08/2022;23.0;Extreme Fear;20049.763671875;33225232872
01/09/2022;20.0;Extreme Fear;20127.140625;30182031010
02/09/2022;25.0;Extreme Fear;19969.771484375;29123998928
03/09/2022;21.0;Extreme Fear;19832.087890625;23613051457
04/09/2022;20.0;Extreme Fear;19986.712890625;25245861652
05/09/2022;23.0;Extreme Fear;19812.37109375;28813460025
06/09/2022;22.0;Extreme Fear;18837.66796875;43403978910
07/09/2022;24.0;Extreme Fear;19290.32421875;35239757134
08/09/2022;20.0;Extreme Fear;19329.833984375;32194477850
09/09/2022;22.0;Extreme Fear;21381.15234375;48469528171
10/09/2022;28.0;Fear;21680.5390625;36913738894
11/09/2022;26.0;Fear;21769.255859375;34493951963
12/09/2022;25.0;Extreme Fear;22370.44921875;50212088965
13/09/2022;34.0;Fear;20296.70703125;51091116622
14/09/2022;27.0;Fear;20241.08984375;37872380889
15/09/2022;28.0;Fear;19701.2109375;36389011503
16/09/2022;20.0;Extreme Fear;19772.583984375;30123362273
17/09/2022;22.0;Extreme Fear;20127.576171875;24957448100
18/09/2022;27.0;Fear;19419.505859375;31254779144
19/09/2022;21.0;Extreme Fear;19544.12890625;40177002624
20/09/2022;23.0;Extreme Fear;18890.7890625;36791346508
21/09/2022;23.0;Extreme Fear;18547.400390625;46363793975
22/09/2022;22.0;Extreme Fear;19413.55078125;41135767926
23/09/2022;20.0;Extreme Fear;19297.638671875;38896078052
24/09/2022;24.0;Extreme Fear;18937.01171875;26149643168
25/09/2022;24.0;Extreme Fear;18802.09765625;23359966112
26/09/2022;21.0;Extreme Fear;19222.671875;44148798321
27/09/2022;20.0;Extreme Fear;19110.546875;58571439619
28/09/2022;20.0;Extreme Fear;19426.720703125;53071298734
29/09/2022;22.0;Extreme Fear;19573.05078125;41037843771
30/09/2022;21.0;Extreme Fear;19431.7890625;43975248085
01/10/2022;20.0;Extreme Fear;19312.095703125;18719537670
02/10/2022;24.0;Extreme Fear;19044.107421875;20765955327
03/10/2022;24.0;Extreme Fear;19623.580078125;30484729489
04/10/2022;20.0;Extreme Fear;20336.84375;35887278685
05/10/2022;25.0;Extreme Fear;20160.716796875;33223790572
06/10/2022;26.0;Fear;19955.443359375;34711412966
07/10/2022;23.0;Extreme Fear;19546.849609375;29227315390
08/10/2022;24.0;Extreme Fear;19416.568359375;16437423167
09/10/2022;22.0;Extreme Fear;19446.42578125;16837262532
10/10/2022;22.0;Extreme Fear;19141.484375;27425022774
11/10/2022;24.0;Extreme Fear;19051.41796875;28711532910
12/10/2022;20.0;Extreme Fear;19157.4453125;24950173846
13/10/2022;20.0;Extreme Fear;19382.904296875;44219840004
14/10/2022;24.0;Extreme Fear;19185.65625;38452356727
15/10/2022;24.0;Extreme Fear;19067.634765625;16192235532
16/10/2022;24.0;Extreme Fear;19268.09375;17988916650
17/10/2022;20.0;Extreme Fear;19550.7578125;27472552998
18/10/2022;22.0;Extreme Fear;19334.416015625;30580012344
19/10/2022;23.0;Extreme Fear;19139.53515625;22425387184
20/10/2022;23.0;Extreme Fear;19053.740234375;24493974420
21/10/2022;23.0;Extreme Fear;19172.46875;32459287866
22/10/2022;20.0;Extreme Fear;19208.189453125;16104440957
23/10/2022;23.0;Extreme Fear;19567.0078125;22128794335
24/10/2022;22.0;Extreme Fear;19345.572265625;30202235805
25/10/2022;20.0;Extreme Fear;20095.857421875;47761524910
26/10/2022;33.0;Fear;20770.44140625;58895950537
27/10/2022;32.0;Fear;20285.8359375;49625110402
28/10/2022;30.0;Fear;20595.3515625;43994715910
29/10/2022;34.0;Fear;20818.4765625;40369840645
30/10/2022;34.0;Fear;20635.603515625;31486345556
31/10/2022;31.0;Fear;20495.7734375;45668466815
01/11/2022;30.0;Fear;20485.2734375;39819303159
02/11/2022;30.0;Fear;20159.50390625;55552169483
03/11/2022;30.0;Fear;20209.98828125;43228750179
04/11/2022;30.0;Fear;21147.23046875;64072727950
05/11/2022;38.0;Fear;21282.69140625;37846047609
06/11/2022;40.0;Fear;20926.486328125;35082693210
07/11/2022;33.0;Fear;20602.81640625;53510852236
08/11/2022;31.0;Fear;18541.271484375;1,18992E+11
09/11/2022;29.0;Fear;15880.7802734375;1,02905E+11
10/11/2022;22.0;Extreme Fear;17586.771484375;83202283721
11/11/2022;25.0;Extreme Fear;17034.29296875;55871616488
12/11/2022;21.0;Extreme Fear;16799.185546875;29717699419
13/11/2022;22.0;Extreme Fear;16353.365234375;27209183682
14/11/2022;24.0;Extreme Fear;16618.19921875;49630243054
15/11/2022;22.0;Extreme Fear;16884.61328125;36599436183
16/11/2022;23.0;Extreme Fear;16669.439453125;33925512989
17/11/2022;20.0;Extreme Fear;16687.517578125;27868914022
18/11/2022;23.0;Extreme Fear;16697.77734375;26862218609
19/11/2022;23.0;Extreme Fear;16711.546875;16106223492
20/11/2022;24.0;Extreme Fear;16291.83203125;21313378652
21/11/2022;21.0;Extreme Fear;15787.2841796875;37429485518
22/11/2022;22.0;Extreme Fear;16189.76953125;30726828760
23/11/2022;22.0;Extreme Fear;16610.70703125;32958875628
24/11/2022;20.0;Extreme Fear;16604.46484375;26129037414
25/11/2022;20.0;Extreme Fear;16521.841796875;18678255976
26/11/2022;22.0;Extreme Fear;16464.28125;18000008764
27/11/2022;26.0;Fear;16444.626953125;20443898509
28/11/2022;28.0;Fear;16217.322265625;27743025156
29/11/2022;26.0;Fear;16444.982421875;23581685468
30/11/2022;29.0;Fear;17168.56640625;29523576583
01/12/2022;27.0;Fear;16967.1328125;22895392882
02/12/2022;27.0;Fear;17088.66015625;19539705127
03/12/2022;27.0;Fear;16908.236328125;16217776704
04/12/2022;26.0;Fear;17130.486328125;16824520830
05/12/2022;26.0;Fear;16974.826171875;22209086834
06/12/2022;25.0;Extreme Fear;17089.50390625;19889922369
07/12/2022;29.0;Fear;16848.126953125;19675404389
08/12/2022;25.0;Extreme Fear;17233.474609375;20496603770
09/12/2022;26.0;Fear;17133.15234375;20328426366
10/12/2022;27.0;Fear;17128.724609375;12706781969
11/12/2022;26.0;Fear;17104.193359375;14122486832
12/12/2022;27.0;Fear;17206.4375;19617581341
13/12/2022;27.0;Fear;17781.318359375;26634741631
14/12/2022;30.0;Fear;17815.650390625;25534481470
15/12/2022;31.0;Fear;17364.865234375;20964448341
16/12/2022;29.0;Fear;16647.484375;24031608960
17/12/2022;28.0;Fear;16795.091796875;14463581825
18/12/2022;26.0;Fear;16757.9765625;10924354698
19/12/2022;29.0;Fear;16439.6796875;17221074814
20/12/2022;29.0;Fear;16906.3046875;22722096615
21/12/2022;26.0;Fear;16817.53515625;14882945045
22/12/2022;28.0;Fear;16830.341796875;16441573050
23/12/2022;27.0;Fear;16796.953125;15329265213
24/12/2022;29.0;Fear;16847.755859375;9744636213
25/12/2022;29.0;Fear;16841.986328125;11656379938
26/12/2022;28.0;Fear;16919.8046875;11886957804
27/12/2022;27.0;Fear;16717.173828125;15748580239
28/12/2022;28.0;Fear;16552.572265625;17005713920
29/12/2022;28.0;Fear;16642.341796875;14472237479
30/12/2022;28.0;Fear;16602.5859375;15929162910
31/12/2022;25.0;Extreme Fear;16547.49609375;11239186456
01/01/2023;26.0;Fear;16625.080078125;9244361700
02/01/2023;27.0;Fear;16688.470703125;12097775227
03/01/2023;26.0;Fear;16679.857421875;13903079207
04/01/2023;29.0;Fear;16863.23828125;18421743322
05/01/2023;29.0;Fear;16836.736328125;13692758566
06/01/2023;26.0;Fear;16951.96875;14413662913
07/01/2023;25.0;Extreme Fear;16955.078125;7714767174
08/01/2023;25.0;Extreme Fear;17091.14453125;9768827914
09/01/2023;25.0;Extreme Fear;17196.5546875;18624736866
10/01/2023;26.0;Fear;17446.29296875;15808338949
11/01/2023;26.0;Fear;17934.896484375;18372283782
12/01/2023;30.0;Fear;18869.587890625;34971338710
13/01/2023;31.0;Fear;19909.57421875;29225029694
14/01/2023;46.0;Fear;20976.298828125;38967784639
15/01/2023;52.0;Neutral;20880.798828125;19298407543
16/01/2023;45.0;Fear;21169.6328125;26792494050
17/01/2023;51.0;Neutral;21161.51953125;24999983362
18/01/2023;52.0;Neutral;20688.78125;30005625418
19/01/2023;45.0;Fear;21086.79296875;21152848261
20/01/2023;51.0;Neutral;22676.552734375;28799154319
21/01/2023;53.0;Neutral;22777.625;32442278429
22/01/2023;53.0;Neutral;22720.416015625;24746386230
23/01/2023;50.0;Neutral;22934.431640625;26518700512
24/01/2023;52.0;Neutral;22636.46875;26405069715
25/01/2023;51.0;Neutral;23117.859375;30685366709
26/01/2023;54.0;Neutral;23032.77734375;26357839322
27/01/2023;55.0;Greed;23078.728515625;25383335641
28/01/2023;52.0;Neutral;23031.08984375;14712928379
29/01/2023;55.0;Greed;23774.56640625;27423687259
30/01/2023;61.0;Greed;22840.138671875;27205595568
31/01/2023;51.0;Neutral;23139.283203125;22837828665
01/02/2023;56.0;Greed;23723.76953125;26683255504
02/02/2023;60.0;Greed;23471.87109375;32066936882
03/02/2023;60.0;Greed;23449.322265625;27083066007
04/02/2023;58.0;Greed;23331.84765625;15639298538
05/02/2023;58.0;Greed;22955.666015625;19564262605
06/02/2023;56.0;Greed;22760.109375;23825006542
07/02/2023;54.0;Neutral;23264.291015625;27187964471
08/02/2023;58.0;Greed;22939.3984375;25371367758
09/02/2023;55.0;Greed;21819.0390625;32572572185
10/02/2023;48.0;Neutral;21651.18359375;27078406594
11/02/2023;49.0;Neutral;21870.875;16356226232
12/02/2023;50.0;Neutral;21788.203125;17821046406
13/02/2023;48.0;Neutral;21808.1015625;23918742607
14/02/2023;50.0;Neutral;22220.8046875;26792596581
15/02/2023;53.0;Neutral;24307.841796875;32483312909
16/02/2023;62.0;Greed;23623.474609375;39316664596
17/02/2023;61.0;Greed;24565.6015625;41358451255
18/02/2023;60.0;Greed;24641.27734375;19625427158
19/02/2023;60.0;Greed;24327.642578125;25555105670
20/02/2023;58.0;Greed;24829.1484375;28987376573
21/02/2023;60.0;Greed;24436.353515625;31252098714
22/02/2023;59.0;Greed;24188.84375;30199996781
23/02/2023;56.0;Greed;23947.4921875;30476264066
24/02/2023;53.0;Neutral;23198.126953125;26811744928
25/02/2023;52.0;Neutral;23175.375;16100721565
26/02/2023;51.0;Neutral;23561.212890625;16644534842
27/02/2023;50.0;Neutral;23522.87109375;22660763494
28/02/2023;53.0;Neutral;23147.353515625;20535363434
01/03/2023;50.0;Neutral;23646.55078125;24662841200
02/03/2023;51.0;Neutral;23475.466796875;20386398516
03/03/2023;50.0;Neutral;22362.6796875;26062404610
04/03/2023;50.0;Neutral;22353.349609375;11166012913
05/03/2023;47.0;Neutral;22435.513671875;13317001733
06/03/2023;48.0;Neutral;22429.7578125;17353192895
07/03/2023;49.0;Neutral;22219.76953125;22765452204
08/03/2023;50.0;Neutral;21718.080078125;22536575684
09/03/2023;44.0;Fear;20363.021484375;30364664171
10/03/2023;34.0;Fear;20187.244140625;39578257695
11/03/2023;33.0;Fear;20632.41015625;30180288176
12/03/2023;33.0;Fear;22163.94921875;29279035521
13/03/2023;49.0;Neutral;24197.533203125;49466362688
14/03/2023;56.0;Greed;24746.07421875;54622230164
15/03/2023;50.0;Neutral;24375.9609375;43655701450
16/03/2023;52.0;Neutral;25052.7890625;33866061747
17/03/2023;51.0;Neutral;27423.9296875;50730261335
18/03/2023;64.0;Greed;26965.87890625;35723036817
19/03/2023;63.0;Greed;28038.67578125;37769448859
20/03/2023;66.0;Greed;27767.236328125;44774027664
21/03/2023;68.0;Greed;28175.81640625;36102192830
22/03/2023;62.0;Greed;27307.4375;33382021890
23/03/2023;57.0;Greed;28333.97265625;24220433689
24/03/2023;61.0;Greed;27493.28515625;25980310960
25/03/2023;64.0;Greed;27494.70703125;13383005987
26/03/2023;64.0;Greed;27994.330078125;13878363192
27/03/2023;64.0;Greed;27139.888671875;18188895178
28/03/2023;59.0;Greed;27268.130859375;17783600385
29/03/2023;57.0;Greed;28348.44140625;20684945906
30/03/2023;60.0;Greed;28033.5625;22435349951
31/03/2023;63.0;Greed;28478.484375;19001327598
