Time,open,high,low,close,volume
2024.02.01 01:00,2277.22,2286.01,2266.89,2283.52,18312.93
2024.02.01 02:00,2283.52,2287.2,2279.48,2281.8,11962.03
2024.02.01 03:00,2281.8,2288.55,2270.02,2282.13,27925.19
2024.02.01 04:00,2282.13,2283.18,2236.64,2243.86,62138.69
2024.02.01 05:00,2243.86,2259.2,2241.31,2259.15,20955.65
2024.02.01 06:00,2259.15,2262.29,2254.82,2256.04,9723.88
2024.02.01 07:00,2256.04,2266.66,2250.6,2261.3,16462.65
2024.02.01 08:00,2261.3,2267.48,2260.35,2267.23,6972.49
2024.02.01 09:00,2267.23,2273.36,2266.9,2273.35,12395.84
2024.02.01 10:00,2273.35,2276.79,2270.2,2270.88,9529.85
2024.02.01 11:00,2270.88,2272.68,2265.12,2271.24,12308.94
2024.02.01 12:00,2271.24,2274.89,2264.09,2266.71,8439.92
2024.02.01 13:00,2266.71,2277.32,2265.07,2266.58,10763.95
2024.02.01 14:00,2266.58,2271.99,2264.01,2265.11,7388.42
2024.02.01 15:00,2265.11,2273.69,2261.87,2269.53,13996.1
2024.02.01 16:00,2269.53,2276.66,2262.19,2271.16,14850.34
2024.02.01 17:00,2271.16,2303.03,2269.21,2295.82,49100.0
2024.02.01 18:00,2295.82,2307.89,2286.27,2287.51,46319.4
2024.02.01 19:00,2287.51,2292.65,2266.26,2290.95,35398.46
2024.02.01 20:00,2290.95,2311.96,2290.13,2303.86,39507.97
2024.02.01 21:00,2303.86,2306.95,2291.52,2294.74,17893.14
2024.02.01 22:00,2294.74,2308.2,2289.5,2303.45,22434.68
2024.02.01 23:00,2303.45,2305.41,2294.53,2297.71,9125.63
2024.02.02 00:00,2297.71,2308.61,2295.49,2302.96,13830.49
2024.02.02 01:00,2302.96,2303.49,2285.01,2295.9,11391.41
2024.02.02 02:00,2295.9,2303.36,2293.41,2302.58,7240.95
2024.02.02 03:00,2302.58,2319.99,2299.49,2309.44,26471.45
2024.02.02 04:00,2309.44,2316.58,2305.01,2305.4,14333.82
2024.02.02 05:00,2305.4,2306.64,2297.1,2300.95,9044.01
2024.02.02 06:00,2300.95,2304.12,2299.81,2300.21,5635.4
2024.02.02 07:00,2300.21,2303.79,2295.08,2297.0,6194.67
2024.02.02 08:00,2297.0,2305.68,2295.1,2303.31,6875.55
2024.02.02 09:00,2303.31,2312.8,2302.71,2308.61,9008.34
2024.02.02 10:00,2308.61,2318.86,2306.43,2312.11,18057.58
2024.02.02 11:00,2312.11,2313.54,2304.03,2309.36,13661.61
2024.02.02 12:00,2309.36,2312.43,2306.22,2308.58,7471.46
2024.02.02 13:00,2308.58,2312.14,2303.4,2310.9,7681.9
2024.02.02 14:00,2310.9,2318.46,2307.83,2317.03,13758.88
2024.02.02 15:00,2317.03,2324.22,2312.08,2313.4,23226.11
2024.02.02 16:00,2313.4,2314.53,2287.16,2291.02,48940.97
2024.02.02 17:00,2291.02,2297.33,2280.73,2291.36,38338.23
2024.02.02 18:00,2291.36,2316.92,2290.0,2313.09,40525.19
2024.02.02 19:00,2313.09,2323.0,2299.8,2304.6,48552.73
2024.02.02 20:00,2304.6,2310.56,2288.2,2291.79,30353.75
2024.02.02 21:00,2291.79,2295.0,2284.47,2293.18,17001.95
2024.02.02 22:00,2293.18,2300.89,2291.32,2299.99,12151.09
2024.02.02 23:00,2299.99,2302.35,2293.54,2296.51,6806.34
2024.02.03 00:00,2296.51,2300.78,2295.01,2295.01,4901.06
2024.02.03 01:00,2295.01,2308.94,2294.64,2307.62,12651.31
2024.02.03 02:00,2307.62,2308.71,2303.92,2307.85,4507.44
2024.02.03 03:00,2307.85,2320.0,2305.73,2312.87,19372.53
2024.02.03 04:00,2312.87,2329.0,2312.86,2324.77,23914.37
2024.02.03 05:00,2324.77,2326.0,2317.43,2321.56,7906.45
2024.02.03 06:00,2321.56,2325.0,2319.14,2320.18,5030.79
2024.02.03 07:00,2320.18,2324.12,2319.3,2320.0,5185.99
2024.02.03 08:00,2320.0,2324.23,2319.77,2322.99,4157.97
2024.02.03 09:00,2322.99,2323.0,2315.55,2319.66,10279.83
2024.02.03 10:00,2319.66,2320.2,2312.2,2312.81,6072.59
2024.02.03 11:00,2312.81,2314.94,2305.69,2307.23,8878.43
2024.02.03 12:00,2307.23,2314.9,2307.03,2313.83,5103.29
2024.02.03 13:00,2313.83,2313.83,2309.44,2312.76,3941.87
2024.02.03 14:00,2312.76,2312.76,2298.0,2301.88,20678.4
2024.02.03 15:00,2301.88,2305.79,2300.45,2303.53,8931.37
2024.02.03 16:00,2303.53,2306.76,2301.39,2305.79,6437.45
2024.02.03 17:00,2305.79,2305.79,2299.55,2300.44,6385.82
2024.02.03 18:00,2300.44,2308.4,2290.58,2302.43,21368.84
2024.02.03 19:00,2302.43,2312.75,2302.03,2304.35,17932.77
2024.02.03 20:00,2304.35,2310.89,2303.06,2307.4,6775.05
2024.02.03 21:00,2307.4,2307.6,2295.37,2297.22,10229.0
2024.02.03 22:00,2297.22,2302.54,2295.21,2302.54,4733.31
2024.02.03 23:00,2302.54,2304.99,2299.08,2301.46,3105.63
2024.02.04 00:00,2301.46,2304.0,2295.8,2299.14,4746.11
2024.02.04 01:00,2299.14,2300.45,2296.01,2296.81,2277.17
2024.02.04 02:00,2296.81,2299.86,2292.2,2295.14,5962.96
2024.02.04 03:00,2295.14,2298.18,2288.52,2298.18,7714.48
2024.02.04 04:00,2298.18,2305.6,2295.0,2304.15,6072.26
2024.02.04 05:00,2304.15,2305.37,2301.61,2302.35,2902.57
2024.02.04 06:00,2302.35,2304.39,2301.57,2301.9,2600.88
2024.02.04 07:00,2301.9,2302.42,2292.8,2296.03,4841.07
2024.02.04 08:00,2296.03,2303.24,2295.59,2299.1,5805.29
2024.02.04 09:00,2299.1,2301.74,2284.71,2286.15,10998.36
2024.02.04 10:00,2286.15,2291.9,2285.45,2289.17,11501.84
2024.02.04 11:00,2289.17,2291.49,2288.21,2288.92,8307.58
2024.02.04 12:00,2288.92,2304.6,2285.05,2302.22,11684.7
2024.02.04 13:00,2302.22,2303.6,2295.82,2299.22,7751.36
2024.02.04 14:00,2299.22,2308.77,2298.11,2304.09,10107.4
2024.02.04 15:00,2304.09,2308.79,2302.23,2302.23,7742.11
2024.02.04 16:00,2302.23,2306.2,2301.64,2303.36,3349.62
2024.02.04 17:00,2303.36,2306.74,2296.06,2298.19,9401.03
2024.02.04 18:00,2298.19,2304.6,2296.36,2300.75,6695.9
2024.02.04 19:00,2300.75,2302.65,2297.72,2302.65,3993.66
2024.02.04 20:00,2302.65,2307.3,2296.78,2305.35,11608.44
2024.02.04 21:00,2305.35,2307.83,2291.67,2292.94,11328.33
2024.02.04 22:00,2292.94,2294.4,2263.6,2278.37,57728.26
2024.02.04 23:00,2278.37,2310.57,2272.39,2302.71,35894.46
2024.02.05 00:00,2302.71,2308.91,2299.2,2299.33,16724.57
2024.02.05 01:00,2299.33,2301.84,2273.85,2286.33,27915.81
2024.02.05 02:00,2286.33,2289.87,2281.79,2288.1,9319.57
2024.02.05 03:00,2288.1,2293.12,2277.09,2278.83,16195.69
2024.02.05 04:00,2278.83,2283.01,2266.84,2281.52,17948.52
2024.02.05 05:00,2281.52,2281.87,2275.64,2280.21,5777.73
2024.02.05 06:00,2280.21,2297.57,2279.73,2295.17,11039.96
2024.02.05 07:00,2295.17,2298.85,2290.88,2294.4,10275.41
2024.02.05 08:00,2294.4,2295.15,2288.54,2294.73,7029.37
2024.02.05 09:00,2294.73,2301.8,2292.85,2300.37,9407.32
2024.02.05 10:00,2300.37,2311.99,2297.44,2309.94,24779.02
2024.02.05 11:00,2309.94,2324.88,2309.93,2321.65,29043.37
2024.02.05 12:00,2321.65,2324.9,2313.27,2319.99,15719.56
2024.02.05 13:00,2319.99,2332.68,2319.99,2321.72,25841.33
2024.02.05 14:00,2321.72,2329.44,2321.16,2328.53,10971.02
2024.02.05 15:00,2328.53,2330.55,2321.6,2324.26,13431.33
2024.02.05 16:00,2324.26,2337.8,2321.4,2329.0,23264.36
2024.02.05 17:00,2329.0,2332.71,2315.81,2317.82,20322.23
2024.02.05 18:00,2317.82,2317.82,2291.34,2296.54,48660.12
2024.02.05 19:00,2296.54,2300.71,2288.55,2299.8,34559.93
2024.02.05 20:00,2299.8,2306.21,2295.27,2300.81,12982.38
2024.02.05 21:00,2300.81,2303.68,2292.22,2300.16,9991.61
2024.02.05 22:00,2300.16,2311.42,2299.4,2303.43,10054.81
2024.02.05 23:00,2303.43,2304.99,2281.45,2293.35,26140.41
2024.02.06 00:00,2293.35,2294.22,2284.36,2287.52,10317.06
2024.02.06 01:00,2287.52,2294.98,2284.69,2293.41,8270.58
2024.02.06 02:00,2293.41,2300.84,2290.07,2300.26,8504.35
2024.02.06 03:00,2300.26,2301.48,2297.65,2301.4,6889.64
2024.02.06 04:00,2301.4,2311.39,2299.3,2306.07,9027.58
2024.02.06 05:00,2306.07,2328.47,2305.0,2322.96,24959.17
2024.02.06 06:00,2322.96,2327.44,2312.21,2315.85,17446.59
2024.02.06 07:00,2315.85,2318.45,2311.68,2313.78,7037.49
2024.02.06 08:00,2313.78,2314.81,2307.23,2313.18,10610.31
2024.02.06 09:00,2313.18,2316.35,2307.89,2315.82,9151.27
2024.02.06 10:00,2315.82,2326.61,2310.16,2325.61,21486.55
2024.02.06 11:00,2325.61,2337.79,2322.35,2336.01,36791.74
2024.02.06 12:00,2336.01,2337.26,2327.0,2333.73,15644.31
2024.02.06 13:00,2333.73,2343.98,2315.83,2325.88,43128.27
2024.02.06 14:00,2325.88,2329.99,2316.71,2324.43,20906.04
2024.02.06 15:00,2324.43,2331.17,2311.25,2324.55,37376.89
2024.02.06 16:00,2324.55,2348.83,2318.22,2336.77,48491.79
2024.02.06 17:00,2336.77,2346.87,2330.45,2337.65,26079.07
2024.02.06 18:00,2337.65,2345.98,2330.1,2342.69,22839.92
2024.02.06 19:00,2342.69,2361.64,2339.98,2345.86,48243.4
2024.02.06 20:00,2345.86,2365.49,2343.77,2352.84,24916.83
2024.02.06 21:00,2352.84,2365.1,2347.4,2363.18,22357.84
2024.02.06 22:00,2363.18,2379.84,2359.02,2377.92,32405.41
2024.02.06 23:00,2377.92,2392.0,2374.67,2378.88,46255.11
2024.02.07 00:00,2378.88,2385.31,2373.22,2379.11,21041.07
2024.02.07 01:00,2379.11,2383.56,2374.52,2380.42,11054.59
2024.02.07 02:00,2380.42,2383.05,2370.36,2371.36,14940.59
2024.02.07 03:00,2371.36,2389.45,2370.91,2378.85,17804.29
2024.02.07 04:00,2378.85,2387.45,2374.15,2374.9,16265.54
2024.02.07 05:00,2374.9,2379.3,2372.54,2374.59,5605.94
2024.02.07 06:00,2374.59,2376.07,2361.4,2363.09,26731.47
2024.02.07 07:00,2363.09,2367.17,2353.0,2359.63,28278.17
2024.02.07 08:00,2359.63,2366.5,2355.25,2364.2,10698.03
2024.02.07 09:00,2364.2,2364.75,2358.3,2362.5,9952.47
2024.02.07 10:00,2362.5,2366.9,2358.2,2360.93,7756.53
2024.02.07 11:00,2360.93,2364.5,2355.55,2362.17,13197.27
2024.02.07 12:00,2362.17,2376.94,2360.14,2370.11,23717.33
2024.02.07 13:00,2370.11,2370.7,2352.1,2354.49,21441.95
2024.02.07 14:00,2354.49,2361.8,2353.18,2360.8,17688.22
2024.02.07 15:00,2360.8,2372.87,2360.06,2371.55,15773.38
2024.02.07 16:00,2371.55,2375.96,2364.23,2371.31,19326.31
2024.02.07 17:00,2371.31,2384.99,2361.1,2364.32,53519.7
2024.02.07 18:00,2364.32,2375.55,2359.61,2368.42,20033.44
2024.02.07 19:00,2368.42,2399.5,2367.14,2397.45,63788.64
2024.02.07 20:00,2397.45,2423.59,2395.21,2408.84,108989.69
2024.02.07 21:00,2408.84,2417.15,2404.02,2416.03,25781.09
2024.02.07 22:00,2416.03,2424.99,2411.33,2418.27,27560.05
2024.02.07 23:00,2418.27,2444.16,2418.24,2437.88,58742.17
2024.02.08 00:00,2437.88,2438.6,2423.76,2428.92,21070.21
2024.02.08 01:00,2428.92,2431.13,2420.25,2424.61,12727.83
2024.02.08 02:00,2424.61,2428.64,2421.54,2423.57,10362.78
2024.02.08 03:00,2423.57,2436.8,2422.17,2433.45,20644.95
2024.02.08 04:00,2433.45,2444.21,2428.69,2440.65,21398.88
2024.02.08 05:00,2440.65,2442.88,2429.07,2433.45,16042.08
2024.02.08 06:00,2433.45,2435.82,2431.11,2432.36,7301.76
2024.02.08 07:00,2432.36,2434.46,2425.01,2426.49,9458.7
2024.02.08 08:00,2426.49,2427.97,2421.51,2422.34,10232.02
2024.02.08 09:00,2422.34,2422.94,2418.24,2418.98,7045.66
2024.02.08 10:00,2418.98,2424.39,2410.12,2420.49,19871.4
2024.02.08 11:00,2420.49,2427.09,2420.13,2422.76,15042.74
2024.02.08 12:00,2422.76,2425.41,2418.77,2422.37,12817.02
2024.02.08 13:00,2422.37,2428.02,2418.95,2421.08,13479.44
2024.02.08 14:00,2421.08,2424.75,2414.6,2423.84,17086.02
2024.02.08 15:00,2423.84,2428.11,2415.95,2421.15,15454.25
2024.02.08 16:00,2421.15,2424.0,2415.74,2423.93,15436.31
2024.02.08 17:00,2423.93,2442.83,2418.03,2436.77,49172.46
2024.02.08 18:00,2436.77,2463.67,2427.32,2452.15,79111.29
2024.02.08 19:00,2452.15,2454.26,2411.55,2423.32,59340.01
2024.02.08 20:00,2423.32,2436.24,2416.13,2423.29,27648.31
2024.02.08 21:00,2423.29,2431.85,2419.1,2429.52,16346.63
2024.02.08 22:00,2429.52,2431.42,2419.5,2420.1,11734.86
2024.02.08 23:00,2420.1,2433.73,2419.58,2426.29,16414.46
2024.02.09 00:00,2426.29,2428.35,2420.28,2424.41,9655.55
2024.02.09 01:00,2424.41,2431.22,2422.18,2422.7,12721.53
2024.02.09 02:00,2422.7,2426.99,2415.89,2418.13,13563.34
2024.02.09 03:00,2418.13,2423.52,2417.76,2422.36,7170.33
2024.02.09 04:00,2422.36,2427.36,2421.0,2424.05,10507.35
2024.02.09 05:00,2424.05,2458.58,2422.12,2456.62,44306.18
2024.02.09 06:00,2456.62,2466.0,2441.44,2447.65,44313.7
2024.02.09 07:00,2447.65,2455.99,2441.84,2444.85,15403.64
2024.02.09 08:00,2444.85,2453.47,2438.3,2452.72,14636.79
2024.02.09 09:00,2452.72,2452.88,2445.03,2447.51,6770.71
2024.02.09 10:00,2447.51,2462.67,2447.08,2452.29,21560.26
2024.02.09 11:00,2452.29,2476.5,2452.11,2475.11,30269.57
2024.02.09 12:00,2475.11,2479.28,2464.92,2466.0,24278.54
2024.02.09 13:00,2466.0,2473.92,2460.8,2473.49,16741.21
2024.02.09 14:00,2473.49,2506.99,2464.26,2501.99,54557.23
2024.02.09 15:00,2501.99,2527.65,2496.89,2513.26,75188.74
2024.02.09 16:00,2513.26,2520.4,2508.84,2511.81,39549.05
2024.02.09 17:00,2511.81,2519.0,2478.78,2492.87,80646.89
2024.02.09 18:00,2492.87,2499.83,2475.2,2493.63,41479.3
2024.02.09 19:00,2493.63,2501.96,2476.48,2484.97,24373.91
2024.02.09 20:00,2484.97,2500.26,2483.0,2495.94,23055.0
2024.02.09 21:00,2495.94,2523.23,2492.22,2500.25,62272.16
2024.02.09 22:00,2500.25,2501.11,2480.08,2484.49,26574.07
2024.02.09 23:00,2484.49,2494.49,2484.48,2488.8,11812.86
2024.02.10 00:00,2488.8,2505.84,2481.97,2501.58,23243.88
2024.02.10 01:00,2501.58,2504.75,2485.8,2494.5,21172.36
2024.02.10 02:00,2494.5,2497.86,2484.0,2485.55,8647.19
2024.02.10 03:00,2485.55,2495.73,2483.33,2485.1,8352.96
2024.02.10 04:00,2485.1,2503.93,2481.8,2497.1,12516.96
2024.02.10 05:00,2497.1,2505.44,2495.19,2504.47,12432.95
2024.02.10 06:00,2504.47,2514.06,2504.47,2511.23,9295.31
2024.02.10 07:00,2511.23,2516.11,2505.3,2505.68,12353.83
2024.02.10 08:00,2505.68,2507.49,2499.33,2503.41,7557.68
2024.02.10 09:00,2503.41,2507.18,2502.49,2503.4,9497.5
2024.02.10 10:00,2503.4,2506.17,2492.52,2493.76,11804.8
2024.02.10 11:00,2493.76,2497.5,2483.61,2483.98,13380.31
2024.02.10 12:00,2483.98,2493.44,2483.73,2486.36,8435.91
2024.02.10 13:00,2486.36,2490.37,2470.17,2473.29,24561.23
2024.02.10 14:00,2473.29,2482.36,2472.44,2482.36,15360.2
2024.02.10 15:00,2482.36,2491.01,2479.84,2486.88,11981.95
2024.02.10 16:00,2486.88,2492.28,2480.1,2489.43,12487.75
2024.02.10 17:00,2489.43,2496.9,2487.5,2491.54,8657.2
2024.02.10 18:00,2491.54,2495.57,2487.61,2489.83,4956.5
2024.02.10 19:00,2489.83,2494.14,2486.63,2490.77,6256.94
2024.02.10 20:00,2490.77,2491.87,2482.4,2483.56,6985.12
2024.02.10 21:00,2483.56,2492.5,2482.06,2490.01,5786.33
2024.02.10 22:00,2490.01,2496.95,2488.03,2496.93,7971.57
2024.02.10 23:00,2496.93,2510.99,2492.3,2505.32,25012.67
2024.02.11 00:00,2505.32,2515.96,2505.32,2510.46,18521.27
2024.02.11 01:00,2510.46,2510.93,2490.08,2495.1,17682.29
2024.02.11 02:00,2495.1,2505.68,2493.75,2499.51,8811.9
2024.02.11 03:00,2499.51,2504.19,2493.01,2503.59,9425.01
2024.02.11 04:00,2503.59,2514.81,2502.3,2506.4,11494.96
2024.02.11 05:00,2506.4,2511.89,2504.21,2505.46,8301.54
2024.02.11 06:00,2505.46,2529.49,2504.07,2529.32,32125.22
2024.02.11 07:00,2529.32,2537.65,2513.35,2516.51,40529.25
2024.02.11 08:00,2516.51,2524.86,2516.07,2522.75,8285.18
2024.02.11 09:00,2522.75,2533.68,2520.4,2530.41,20529.28
2024.02.11 10:00,2530.41,2532.95,2521.74,2526.91,9945.15
2024.02.11 11:00,2526.91,2539.96,2522.45,2524.26,17167.87
2024.02.11 12:00,2524.26,2528.57,2520.22,2522.15,12856.07
2024.02.11 13:00,2522.15,2523.14,2509.9,2520.31,25591.54
2024.02.11 14:00,2520.31,2530.64,2519.13,2530.15,12067.64
2024.02.11 15:00,2530.15,2531.56,2519.59,2521.13,17915.39
2024.02.11 16:00,2521.13,2523.3,2507.77,2509.02,17260.22
2024.02.11 17:00,2509.02,2514.0,2503.19,2512.81,13703.83
2024.02.11 18:00,2512.81,2512.81,2503.7,2507.53,10728.39
2024.02.11 19:00,2507.53,2511.2,2499.49,2506.78,12820.91
2024.02.11 20:00,2506.78,2519.77,2506.63,2510.21,25114.37
2024.02.11 21:00,2510.21,2512.2,2495.3,2505.59,16510.46
2024.02.11 22:00,2505.59,2509.76,2503.65,2506.49,3847.95
2024.02.11 23:00,2506.49,2513.73,2492.01,2496.28,13317.58
2024.02.12 00:00,2496.28,2503.8,2494.78,2502.71,8939.11
2024.02.12 01:00,2502.71,2506.92,2497.55,2498.98,6189.63
2024.02.12 02:00,2498.98,2506.61,2496.79,2506.61,5937.59
2024.02.12 03:00,2506.61,2524.68,2504.3,2513.74,22512.36
2024.02.12 04:00,2513.74,2515.44,2504.36,2513.94,11080.77
2024.02.12 05:00,2513.94,2517.22,2491.25,2501.67,14915.48
2024.02.12 06:00,2501.67,2503.18,2495.49,2498.03,15457.74
2024.02.12 07:00,2498.03,2499.46,2492.0,2493.13,6725.53
2024.02.12 08:00,2493.13,2499.1,2492.31,2492.32,5981.48
2024.02.12 09:00,2492.32,2497.13,2478.65,2492.78,25295.0
2024.02.12 10:00,2492.78,2504.02,2489.82,2500.87,23894.68
2024.02.12 11:00,2500.87,2504.83,2488.06,2488.83,13584.1
2024.02.12 12:00,2488.83,2490.01,2470.74,2476.41,29859.2
2024.02.12 13:00,2476.41,2484.38,2471.63,2479.69,13693.18
2024.02.12 14:00,2479.69,2487.81,2475.3,2487.16,11336.24
2024.02.12 15:00,2487.16,2488.9,2479.87,2488.5,10077.22
2024.02.12 16:00,2488.5,2488.5,2481.98,2486.42,7841.75
2024.02.12 17:00,2486.42,2529.82,2485.72,2528.24,60401.28
2024.02.12 18:00,2528.24,2563.96,2520.55,2558.15,94788.88
2024.02.12 19:00,2558.15,2560.39,2535.78,2553.01,54908.13
2024.02.12 20:00,2553.01,2619.0,2550.41,2609.55,133704.55
2024.02.12 21:00,2609.55,2635.0,2603.87,2622.72,65994.76
2024.02.12 22:00,2622.72,2640.0,2609.0,2610.97,50161.46
2024.02.12 23:00,2610.97,2649.69,2610.96,2642.67,40291.66
2024.02.13 00:00,2642.67,2653.9,2629.05,2632.34,39617.47
2024.02.13 01:00,2632.34,2667.24,2632.34,2655.21,32268.48
2024.02.13 02:00,2655.21,2664.48,2646.85,2660.35,20355.39
2024.02.13 03:00,2660.35,2688.6,2660.35,2669.11,43578.72
2024.02.13 04:00,2669.11,2682.77,2665.0,2679.13,19718.37
2024.02.13 05:00,2679.13,2682.6,2655.76,2657.22,25764.8
2024.02.13 06:00,2657.22,2660.12,2638.0,2642.84,33418.12
2024.02.13 07:00,2642.84,2654.82,2640.04,2647.92,22546.73
2024.02.13 08:00,2647.92,2655.08,2644.41,2654.4,13685.13
2024.02.13 09:00,2654.4,2656.02,2645.84,2648.19,13165.98
2024.02.13 10:00,2648.19,2653.89,2641.6,2650.36,17219.6
2024.02.13 11:00,2650.36,2666.0,2648.24,2664.48,27924.12
2024.02.13 12:00,2664.48,2684.84,2658.0,2679.27,45018.18
2024.02.13 13:00,2679.27,2681.79,2665.2,2669.84,38363.37
2024.02.13 14:00,2669.84,2688.26,2659.28,2683.35,48472.84
2024.02.13 15:00,2683.35,2688.66,2668.57,2676.75,29874.79
2024.02.13 16:00,2676.75,2679.56,2613.6,2646.22,147981.29
2024.02.13 17:00,2646.22,2657.0,2590.24,2635.99,187914.54
2024.02.13 18:00,2635.99,2646.98,2611.25,2634.03,79444.89
2024.02.13 19:00,2634.03,2643.42,2602.22,2604.79,59135.01
2024.02.13 20:00,2604.79,2622.73,2593.42,2621.85,60625.47
2024.02.13 21:00,2621.85,2639.4,2620.01,2632.61,32661.83
2024.02.13 22:00,2632.61,2637.54,2610.37,2613.06,25980.8
2024.02.13 23:00,2613.06,2633.61,2612.35,2629.74,33012.0
2024.02.14 00:00,2629.74,2651.87,2628.69,2633.41,41846.57
2024.02.14 01:00,2633.41,2638.8,2617.45,2637.37,21716.89
2024.02.14 02:00,2637.37,2643.92,2628.02,2641.42,14741.91
2024.02.14 03:00,2641.42,2642.65,2624.31,2632.18,19017.83
2024.02.14 04:00,2632.18,2637.45,2621.81,2623.52,11021.58
2024.02.14 05:00,2623.52,2637.26,2618.94,2636.04,11430.62
2024.02.14 06:00,2636.04,2646.55,2635.56,2639.46,15194.66
2024.02.14 07:00,2639.46,2643.29,2622.21,2628.49,15526.66
2024.02.14 08:00,2628.49,2645.36,2628.37,2643.48,11788.79
2024.02.14 09:00,2643.48,2652.39,2641.83,2646.86,16213.01
2024.02.14 10:00,2646.86,2656.92,2646.86,2653.96,18322.54
2024.02.14 11:00,2653.96,2715.0,2649.15,2709.48,73272.01
2024.02.14 12:00,2709.48,2751.41,2709.1,2747.89,130986.54
2024.02.14 13:00,2747.89,2763.93,2741.12,2755.51,62712.47
2024.02.14 14:00,2755.51,2761.38,2740.37,2758.51,40219.07
2024.02.14 15:00,2758.51,2762.4,2735.18,2741.67,35375.0
2024.02.14 16:00,2741.67,2774.95,2740.6,2767.36,34793.16
2024.02.14 17:00,2767.36,2774.79,2754.56,2760.58,47668.47
2024.02.14 18:00,2760.58,2762.66,2732.01,2751.86,52473.37
2024.02.14 19:00,2751.86,2752.37,2730.79,2740.95,29170.42
2024.02.14 20:00,2740.95,2751.33,2735.79,2743.1,16094.47
2024.02.14 21:00,2743.1,2753.88,2728.01,2752.65,24826.61
2024.02.14 22:00,2752.65,2768.62,2742.22,2763.92,36428.88
2024.02.14 23:00,2763.92,2770.17,2757.21,2766.44,27518.74
2024.02.15 00:00,2766.44,2789.73,2757.75,2781.01,29106.61
2024.02.15 01:00,2781.01,2785.63,2765.06,2773.23,20654.71
2024.02.15 02:00,2773.23,2785.54,2769.45,2776.71,17758.1
2024.02.15 03:00,2776.71,2829.0,2773.02,2820.18,72264.63
2024.02.15 04:00,2820.18,2820.18,2773.26,2779.82,51628.86
2024.02.15 05:00,2779.82,2799.0,2777.82,2788.56,42181.49
2024.02.15 06:00,2788.56,2805.95,2787.83,2803.46,25657.42
2024.02.15 07:00,2803.46,2808.0,2785.34,2798.38,33563.25
2024.02.15 08:00,2798.38,2799.79,2758.5,2773.51,35658.22
2024.02.15 09:00,2773.51,2785.84,2771.56,2780.55,38889.9
2024.02.15 10:00,2780.55,2788.0,2762.34,2773.75,25399.39
2024.02.15 11:00,2773.75,2786.24,2770.55,2783.6,16110.79
2024.02.15 12:00,2783.6,2796.75,2782.41,2791.92,30764.3
2024.02.15 13:00,2791.92,2804.0,2788.4,2801.77,24733.72
2024.02.15 14:00,2801.77,2803.88,2785.39,2795.62,20813.73
2024.02.15 15:00,2795.62,2806.65,2778.0,2799.65,33541.46
2024.02.15 16:00,2799.65,2818.46,2792.25,2813.86,59323.67
2024.02.15 17:00,2813.86,2861.04,2802.11,2855.37,112190.1
2024.02.15 18:00,2855.37,2871.81,2816.03,2829.19,126247.59
2024.02.15 19:00,2829.19,2844.0,2804.43,2831.86,64937.71
2024.02.15 20:00,2831.86,2838.83,2815.14,2817.49,31255.61
2024.02.15 21:00,2817.49,2835.09,2809.15,2826.89,39653.21
2024.02.15 22:00,2826.89,2841.11,2812.32,2836.54,34403.25
2024.02.15 23:00,2836.54,2845.99,2815.83,2831.26,33936.88
2024.02.16 00:00,2831.26,2849.0,2788.33,2796.34,66820.65
2024.02.16 01:00,2796.34,2825.36,2793.64,2815.92,31359.26
2024.02.16 02:00,2815.92,2827.7,2812.53,2825.09,17301.57
2024.02.16 03:00,2825.09,2845.17,2822.72,2840.59,24119.6
2024.02.16 04:00,2840.59,2860.0,2839.24,2845.49,27118.08
2024.02.16 05:00,2845.49,2852.76,2838.51,2849.16,12101.46
2024.02.16 06:00,2849.16,2859.09,2842.1,2848.72,14474.02
2024.02.16 07:00,2848.72,2853.38,2837.3,2840.12,12169.84
2024.02.16 08:00,2840.12,2849.57,2838.02,2844.12,10734.27
2024.02.16 09:00,2844.12,2855.0,2832.3,2835.23,18881.15
2024.02.16 10:00,2835.23,2838.07,2813.27,2817.39,49102.76
2024.02.16 11:00,2817.39,2830.12,2815.0,2818.18,30313.7
2024.02.16 12:00,2818.18,2819.08,2795.4,2811.15,38012.18
2024.02.16 13:00,2811.15,2830.58,2806.82,2830.08,25258.93
2024.02.16 14:00,2830.08,2837.98,2821.66,2825.69,27428.56
2024.02.16 15:00,2825.69,2850.63,2820.68,2846.74,29191.17
2024.02.16 16:00,2846.74,2849.98,2828.42,2842.13,47161.18
2024.02.16 17:00,2842.13,2846.49,2781.28,2799.38,93142.09
2024.02.16 18:00,2799.38,2799.38,2730.01,2776.93,122940.09
2024.02.16 19:00,2776.93,2809.05,2773.54,2786.76,59445.8
2024.02.16 20:00,2786.76,2792.4,2767.56,2779.17,31821.57
2024.02.16 21:00,2779.17,2784.49,2766.21,2782.58,24109.17
2024.02.16 22:00,2782.58,2787.74,2757.55,2764.04,24674.99
2024.02.16 23:00,2764.04,2783.16,2759.55,2782.82,19536.29
2024.02.17 00:00,2782.82,2794.13,2775.93,2792.4,19087.43
2024.02.17 01:00,2792.4,2792.76,2786.41,2790.7,6796.15
2024.02.17 02:00,2790.7,2812.5,2788.46,2804.05,25194.38
2024.02.17 03:00,2804.05,2806.38,2797.79,2798.6,10121.57
2024.02.17 04:00,2798.6,2799.57,2779.04,2788.47,20833.03
2024.02.17 05:00,2788.47,2796.25,2786.84,2790.38,7428.22
2024.02.17 06:00,2790.38,2795.78,2787.07,2794.78,4138.41
2024.02.17 07:00,2794.78,2798.33,2790.0,2794.92,7745.25
2024.02.17 08:00,2794.92,2796.41,2780.39,2786.9,11080.86
2024.02.17 09:00,2786.9,2792.34,2784.67,2789.12,5576.14
2024.02.17 10:00,2789.12,2800.6,2787.62,2796.97,10708.76
2024.02.17 11:00,2796.97,2796.97,2772.42,2776.25,23757.68
2024.02.17 12:00,2776.25,2781.59,2769.15,2776.69,19986.15
2024.02.17 13:00,2776.69,2781.75,2765.0,2781.42,20339.52
2024.02.17 14:00,2781.42,2787.45,2779.7,2782.73,9374.38
2024.02.17 15:00,2782.73,2790.79,2775.16,2785.43,15622.83
2024.02.17 16:00,2785.43,2785.54,2741.75,2745.0,64403.9
2024.02.17 17:00,2745.0,2756.72,2717.62,2741.41,79350.39
2024.02.17 18:00,2741.41,2759.53,2732.66,2756.78,36448.94
2024.02.17 19:00,2756.78,2761.22,2744.0,2757.51,18956.67
2024.02.17 20:00,2757.51,2772.92,2757.06,2770.08,20074.96
2024.02.17 21:00,2770.08,2773.96,2766.52,2771.37,12450.15
2024.02.17 22:00,2771.37,2778.94,2769.6,2776.29,10879.36
2024.02.17 23:00,2776.29,2782.64,2773.18,2781.09,8286.8
2024.02.18 00:00,2781.09,2804.4,2776.7,2787.92,26279.63
2024.02.18 01:00,2787.92,2793.02,2781.33,2787.3,8682.42
2024.02.18 02:00,2787.3,2790.74,2782.39,2788.26,7203.56
2024.02.18 03:00,2788.26,2794.65,2780.07,2791.02,9279.99
2024.02.18 04:00,2791.02,2799.92,2778.22,2781.85,12776.84
2024.02.18 05:00,2781.85,2783.4,2763.4,2773.2,19067.29
2024.02.18 06:00,2773.2,2784.65,2770.0,2784.3,6964.98
2024.02.18 07:00,2784.3,2800.81,2784.29,2799.24,19067.51
2024.02.18 08:00,2799.24,2807.29,2796.99,2805.17,13972.09
2024.02.18 09:00,2805.17,2809.47,2780.91,2790.15,22529.99
2024.02.18 10:00,2790.15,2808.96,2784.77,2803.2,17776.67
2024.02.18 11:00,2803.2,2808.21,2799.0,2807.17,8609.17
2024.02.18 12:00,2807.17,2825.92,2807.0,2821.49,38485.18
2024.02.18 13:00,2821.49,2824.89,2807.11,2812.01,18221.76
2024.02.18 14:00,2812.01,2812.47,2799.18,2805.45,16493.49
2024.02.18 15:00,2805.45,2810.11,2791.5,2794.13,19300.26
2024.02.18 16:00,2794.13,2800.34,2787.09,2788.87,17286.76
2024.02.18 17:00,2788.87,2815.0,2788.87,2811.15,24536.99
2024.02.18 18:00,2811.15,2811.32,2802.16,2808.92,12684.52
2024.02.18 19:00,2808.92,2809.36,2795.11,2806.72,14119.02
2024.02.18 20:00,2806.72,2824.0,2806.21,2813.29,26172.4
2024.02.18 21:00,2813.29,2836.95,2808.22,2836.3,26490.69
2024.02.18 22:00,2836.3,2847.0,2823.25,2828.98,30618.56
2024.02.18 23:00,2828.98,2834.54,2818.4,2828.78,17594.96
2024.02.19 00:00,2828.78,2849.71,2824.15,2848.95,22870.88
2024.02.19 01:00,2848.95,2899.99,2845.9,2884.0,90837.34
2024.02.19 02:00,2884.0,2895.77,2868.73,2883.94,53870.71
2024.02.19 03:00,2883.94,2896.5,2867.03,2874.34,31312.7
2024.02.19 04:00,2874.34,2875.36,2858.3,2869.66,17511.85
2024.02.19 05:00,2869.66,2891.57,2869.56,2884.91,22006.56
2024.02.19 06:00,2884.91,2892.55,2877.65,2889.58,22572.98
2024.02.19 07:00,2889.58,2906.26,2883.16,2897.82,29928.02
2024.02.19 08:00,2897.82,2914.47,2885.0,2909.07,30999.07
2024.02.19 09:00,2909.07,2934.31,2907.25,2923.5,62032.76
2024.02.19 10:00,2923.5,2932.68,2919.57,2928.36,25897.7
2024.02.19 11:00,2928.36,2930.63,2904.21,2909.44,33131.4
2024.02.19 12:00,2909.44,2922.99,2907.08,2909.94,26799.01
2024.02.19 13:00,2909.94,2919.98,2889.17,2912.76,32135.05
2024.02.19 14:00,2912.76,2919.95,2907.55,2915.14,16336.19
2024.02.19 15:00,2915.14,2922.55,2906.79,2908.0,14573.67
2024.02.19 16:00,2908.0,2914.98,2893.88,2896.2,25641.01
2024.02.19 17:00,2896.2,2909.91,2888.33,2902.81,24415.05
2024.02.19 18:00,2902.81,2922.4,2900.11,2910.93,22539.65
2024.02.19 19:00,2910.93,2939.7,2892.65,2899.57,67435.67
2024.02.19 20:00,2899.57,2948.44,2888.52,2945.58,79221.42
2024.02.19 21:00,2945.58,2957.83,2930.7,2934.41,58377.65
2024.02.19 22:00,2934.41,2938.71,2922.06,2935.56,30389.07
2024.02.19 23:00,2935.56,2944.2,2928.26,2936.21,19000.71
2024.02.20 00:00,2936.21,2974.88,2934.49,2971.7,50574.35
2024.02.20 01:00,2971.7,2989.86,2963.0,2964.59,55021.96
2024.02.20 02:00,2964.59,2966.82,2937.2,2947.2,35690.14
2024.02.20 03:00,2947.2,2958.4,2931.19,2937.3,36270.56
2024.02.20 04:00,2937.3,2947.12,2905.0,2923.48,65774.96
2024.02.20 05:00,2923.48,2932.26,2917.54,2928.89,17041.16
2024.02.20 06:00,2928.89,2932.76,2907.33,2908.96,19336.29
2024.02.20 07:00,2908.96,2929.68,2905.49,2926.88,32060.2
2024.02.20 08:00,2926.88,2938.24,2924.71,2929.99,17959.45
2024.02.20 09:00,2929.99,2937.84,2928.01,2932.93,11217.58
2024.02.20 10:00,2932.93,2933.92,2918.15,2923.35,14376.15
2024.02.20 11:00,2923.35,2925.52,2906.1,2918.84,24181.07
2024.02.20 12:00,2918.84,2923.8,2873.2,2902.9,88203.07
2024.02.20 13:00,2902.9,2926.2,2902.51,2922.3,32160.25
2024.02.20 14:00,2922.3,2944.12,2922.29,2937.42,53847.47
2024.02.20 15:00,2937.42,2957.4,2933.01,2933.12,50262.55
2024.02.20 16:00,2933.12,3009.24,2929.37,3001.97,172751.63
2024.02.20 17:00,3001.97,3010.0,2921.0,2941.19,177720.6
2024.02.20 18:00,2941.19,2942.0,2902.02,2928.12,131672.87
2024.02.20 19:00,2928.12,2937.0,2895.0,2898.87,55078.0
2024.02.20 20:00,2898.87,2921.0,2885.9,2918.89,92778.43
2024.02.20 21:00,2918.89,2933.6,2910.22,2932.51,33281.47
2024.02.20 22:00,2932.51,2990.0,2928.33,2988.52,79618.64
2024.02.20 23:00,2988.52,2991.88,2967.26,2980.18,48396.97
2024.02.21 00:00,2980.18,2997.95,2972.38,2990.77,38552.07
2024.02.21 01:00,2990.77,3005.69,2986.01,2998.05,28597.41
2024.02.21 02:00,2998.05,3037.6,2997.94,3018.01,77813.59
2024.02.21 03:00,3018.01,3021.33,3001.01,3005.98,42691.78
2024.02.21 04:00,3005.98,3006.84,2990.33,3002.19,29982.01
2024.02.21 05:00,3002.19,3014.65,2994.07,3011.47,22346.77
2024.02.21 06:00,3011.47,3013.0,3002.38,3007.92,17427.24
2024.02.21 07:00,3007.92,3012.27,2988.24,3000.19,26180.67
2024.02.21 08:00,3000.19,3011.78,2973.35,2977.52,32497.06
2024.02.21 09:00,2977.52,2982.42,2945.58,2951.99,56370.12
2024.02.21 10:00,2951.99,2951.99,2921.51,2940.87,75316.61
2024.02.21 11:00,2940.87,2957.29,2934.86,2941.97,36259.59
2024.02.21 12:00,2941.97,2941.98,2887.0,2900.44,108108.18
2024.02.21 13:00,2900.44,2925.99,2887.89,2916.05,74507.6
2024.02.21 14:00,2916.05,2927.82,2887.45,2899.32,48875.9
2024.02.21 15:00,2899.32,2925.94,2878.24,2921.32,77696.42
2024.02.21 16:00,2921.32,2929.73,2885.0,2907.87,67077.4
2024.02.21 17:00,2907.87,2911.42,2866.28,2892.01,94364.75
2024.02.21 18:00,2892.01,2922.47,2876.25,2915.04,73519.0
2024.02.21 19:00,2915.04,2939.12,2899.22,2932.46,86750.23
2024.02.21 20:00,2932.46,2936.55,2895.06,2898.27,51980.01
2024.02.21 21:00,2898.27,2908.9,2886.0,2900.2,44746.67
2024.02.21 22:00,2900.2,2916.78,2890.75,2913.85,39322.21
2024.02.21 23:00,2913.85,2918.43,2896.93,2907.2,35146.26
2024.02.22 00:00,2907.2,2928.69,2900.75,2928.51,60969.96
2024.02.22 01:00,2928.51,2937.81,2913.36,2934.46,26463.07
2024.02.22 02:00,2934.46,2981.81,2932.63,2970.41,75205.34
2024.02.22 03:00,2970.41,2971.0,2938.34,2942.82,41311.97
2024.02.22 04:00,2942.82,2951.78,2907.47,2911.32,57699.94
2024.02.22 05:00,2911.32,2928.84,2910.63,2922.03,29597.06
2024.02.22 06:00,2922.03,2942.26,2917.96,2936.23,21382.28
2024.02.22 07:00,2936.23,2941.1,2922.0,2928.09,22030.33
2024.02.22 08:00,2928.09,2946.28,2927.35,2934.54,29642.15
2024.02.22 09:00,2934.54,2966.63,2932.42,2961.78,40730.46
2024.02.22 10:00,2961.78,2999.76,2956.61,2996.0,69995.86
2024.02.22 11:00,2996.0,3026.93,2989.77,3023.06,93951.45
2024.02.22 12:00,3023.06,3036.88,3000.99,3026.08,79422.63
2024.02.22 13:00,3026.08,3026.47,2990.25,2999.55,50376.73
2024.02.22 14:00,2999.55,3000.69,2971.95,2992.15,55724.0
2024.02.22 15:00,2992.15,3007.82,2972.76,2984.32,52051.82
2024.02.22 16:00,2984.32,2986.35,2932.09,2946.15,125218.28
2024.02.22 17:00,2946.15,2971.6,2939.96,2967.11,57869.42
2024.02.22 18:00,2967.11,3001.33,2962.81,2988.1,68421.67
2024.02.22 19:00,2988.1,2990.85,2962.22,2972.06,53658.2
2024.02.22 20:00,2972.06,2991.99,2972.06,2987.27,24017.3
2024.02.22 21:00,2987.27,3007.06,2977.9,2995.62,41038.61
2024.02.22 22:00,2995.62,2998.21,2981.46,2990.35,20205.84
2024.02.22 23:00,2990.35,3043.0,2982.53,3016.05,127543.83
2024.02.23 00:00,3016.05,3017.43,2973.45,2987.01,65184.35
2024.02.23 01:00,2987.01,2995.72,2968.21,2989.59,39998.53
2024.02.23 02:00,2989.59,2993.97,2970.89,2972.74,22548.51
2024.02.23 03:00,2972.74,2995.48,2971.43,2991.64,17228.18
2024.02.23 04:00,2991.64,2995.44,2976.21,2980.81,19281.57
2024.02.23 05:00,2980.81,2992.84,2934.18,2945.6,55864.17
2024.02.23 06:00,2945.6,2957.66,2933.5,2956.33,29698.99
2024.02.23 07:00,2956.33,2963.21,2947.93,2954.08,23041.06
2024.02.23 08:00,2954.08,2964.35,2950.12,2960.94,17368.93
2024.02.23 09:00,2960.94,2969.9,2958.54,2966.2,18830.72
2024.02.23 10:00,2966.2,2966.48,2923.63,2934.63,62292.58
2024.02.23 11:00,2934.63,2948.09,2912.44,2925.15,54663.0
2024.02.23 12:00,2925.15,2940.06,2917.76,2939.75,25183.53
2024.02.23 13:00,2939.75,2948.66,2932.91,2942.66,23066.09
2024.02.23 14:00,2942.66,2949.49,2936.84,2945.08,15215.45
2024.02.23 15:00,2945.08,2945.69,2923.65,2929.74,22865.97
2024.02.23 16:00,2929.74,2945.69,2928.1,2943.11,21926.81
2024.02.23 17:00,2943.11,2964.12,2931.1,2949.79,72198.35
2024.02.23 18:00,2949.79,2950.77,2912.5,2916.01,58822.75
2024.02.23 19:00,2916.01,2939.49,2905.27,2935.0,56518.83
2024.02.23 20:00,2935.0,2947.99,2930.81,2946.22,22071.75
2024.02.23 21:00,2946.22,2950.73,2933.39,2945.92,17955.91
2024.02.23 22:00,2945.92,2953.0,2940.0,2946.85,11056.24
2024.02.23 23:00,2946.85,2954.99,2938.79,2952.09,13212.62
2024.02.24 00:00,2952.09,2954.88,2940.56,2943.18,10313.73
2024.02.24 01:00,2943.18,2947.81,2921.01,2923.59,21435.76
2024.02.24 02:00,2923.59,2931.13,2906.0,2922.87,34817.83
2024.02.24 03:00,2922.87,2937.99,2918.08,2934.45,15343.97
2024.02.24 04:00,2934.45,2934.58,2906.33,2909.9,19388.59
2024.02.24 05:00,2909.9,2924.76,2909.33,2924.75,11165.69
2024.02.24 06:00,2924.75,2935.52,2918.71,2932.47,13057.76
2024.02.24 07:00,2932.47,2955.67,2930.88,2948.18,25422.87
2024.02.24 08:00,2948.18,2954.45,2943.54,2949.26,14599.03
2024.02.24 09:00,2949.26,2953.08,2945.67,2948.81,8606.42
2024.02.24 10:00,2948.81,2966.73,2946.0,2964.34,23882.86
2024.02.24 11:00,2964.34,2965.65,2948.39,2951.33,14971.82
2024.02.24 12:00,2951.33,2963.34,2950.39,2959.61,8927.25
2024.02.24 13:00,2959.61,2968.34,2956.15,2960.21,13508.85
2024.02.24 14:00,2960.21,2966.07,2953.42,2963.16,11716.03
2024.02.24 15:00,2963.16,2964.86,2955.26,2959.01,10775.34
2024.02.24 16:00,2959.01,2969.01,2956.29,2967.74,11484.35
2024.02.24 17:00,2967.74,2971.67,2952.5,2961.96,18483.94
2024.02.24 18:00,2961.96,2963.19,2955.07,2956.26,5444.37
2024.02.24 19:00,2956.26,2966.91,2956.25,2964.29,13030.23
2024.02.24 20:00,2964.29,3008.9,2963.75,2995.4,69316.17
2024.02.24 21:00,2995.4,3006.9,2979.73,2983.79,30705.69
2024.02.24 22:00,2983.79,2993.5,2980.44,2988.82,14539.68
2024.02.24 23:00,2988.82,2991.83,2980.58,2989.6,10876.12
2024.02.25 00:00,2989.6,2994.28,2981.45,2986.65,12852.67
2024.02.25 01:00,2986.65,2997.25,2986.64,2989.76,13514.75
2024.02.25 02:00,2989.76,2996.81,2984.5,2994.1,11521.1
2024.02.25 03:00,2994.1,2997.74,2985.01,2995.79,10270.21
2024.02.25 04:00,2995.79,3021.7,2988.66,3019.4,29504.29
2024.02.25 05:00,3019.4,3054.92,3015.0,3033.42,79723.1
2024.02.25 06:00,3033.42,3033.43,3011.51,3026.75,28239.86
2024.02.25 07:00,3026.75,3027.72,3013.91,3024.49,15776.26
2024.02.25 08:00,3024.49,3039.27,3020.41,3035.42,20604.58
2024.02.25 09:00,3035.42,3051.13,3031.07,3037.23,38339.21
2024.02.25 10:00,3037.23,3040.67,3030.49,3032.41,13127.36
2024.02.25 11:00,3032.41,3041.92,3016.84,3020.86,32716.35
2024.02.25 12:00,3020.86,3025.0,3012.21,3022.4,18087.02
2024.02.25 13:00,3022.4,3031.95,3022.05,3027.66,13371.51
2024.02.25 14:00,3027.66,3044.17,3025.16,3042.87,21524.87
2024.02.25 15:00,3042.87,3049.0,3029.4,3045.94,28123.87
2024.02.25 16:00,3045.94,3053.0,3032.14,3040.41,24919.9
2024.02.25 17:00,3040.41,3078.58,3037.8,3069.9,85451.4
2024.02.25 18:00,3069.9,3073.54,3037.54,3045.91,59909.17
2024.02.25 19:00,3045.91,3055.06,3025.57,3041.72,48746.06
2024.02.25 20:00,3041.72,3070.14,3041.71,3064.46,37653.24
2024.02.25 21:00,3064.46,3069.21,3052.35,3067.87,24250.06
2024.02.25 22:00,3067.87,3091.79,3062.41,3084.61,61914.06
2024.02.25 23:00,3084.61,3132.0,3084.33,3103.32,111959.58
2024.03.01 01:00,3350.14,3360.74,3299.99,3324.77,50058.25
2024.03.01 02:00,3324.77,3360.94,3321.26,3342.46,27230.18
2024.03.01 03:00,3342.46,3384.0,3340.14,3381.86,47626.12
2024.03.01 04:00,3381.86,3391.22,3367.18,3378.23,28658.92
2024.03.01 05:00,3378.23,3384.23,3354.37,3369.26,26242.95
2024.03.01 06:00,3369.26,3381.47,3357.5,3371.16,18583.15
2024.03.01 07:00,3371.16,3385.57,3367.47,3380.0,14149.35
2024.03.01 08:00,3380.0,3390.01,3371.01,3372.4,13161.69
2024.03.01 09:00,3372.4,3401.43,3371.16,3388.94,23523.82
2024.03.01 10:00,3388.94,3398.87,3366.66,3367.9,23208.06
2024.03.01 11:00,3367.9,3441.14,3355.89,3424.21,89188.72
2024.03.01 12:00,3424.21,3435.35,3420.21,3432.54,26401.01
2024.03.01 13:00,3432.54,3432.54,3403.32,3409.51,24142.34
2024.03.01 14:00,3409.51,3421.4,3401.6,3414.43,14896.99
2024.03.01 15:00,3414.43,3441.84,3413.73,3427.62,25254.82
2024.03.01 16:00,3427.62,3454.64,3426.58,3442.36,26131.14
2024.03.01 17:00,3442.36,3454.52,3380.8,3419.69,87066.73
2024.03.01 18:00,3419.69,3432.18,3382.0,3393.62,46746.68
2024.03.01 19:00,3393.62,3406.39,3382.26,3390.43,32700.89
2024.03.01 20:00,3390.43,3429.08,3390.43,3422.68,30357.07
2024.03.01 21:00,3422.68,3437.94,3413.33,3435.49,23819.34
2024.03.01 22:00,3435.49,3439.99,3422.75,3431.32,12739.87
2024.03.01 23:00,3431.32,3453.0,3423.78,3447.01,24862.06
2024.03.02 00:00,3447.01,3453.49,3426.14,3429.1,25852.32
2024.03.02 01:00,3429.1,3442.34,3426.73,3436.27,12967.73
2024.03.02 02:00,3436.27,3452.0,3430.67,3435.31,13540.62
2024.03.02 03:00,3435.31,3464.8,3430.01,3462.13,25131.03
2024.03.02 04:00,3462.13,3463.0,3428.2,3446.59,19154.18
2024.03.02 05:00,3446.59,3450.64,3432.51,3441.29,9236.04
2024.03.02 06:00,3441.29,3447.36,3430.64,3445.11,12108.63
2024.03.02 07:00,3445.11,3448.0,3430.34,3430.35,9986.39
2024.03.02 08:00,3430.35,3434.38,3391.1,3422.31,42066.5
2024.03.02 09:00,3422.31,3453.89,3418.0,3440.74,33751.93
2024.03.02 10:00,3440.74,3444.97,3425.8,3433.75,11832.75
2024.03.02 11:00,3433.75,3439.81,3407.15,3421.27,20122.44
2024.03.02 12:00,3421.27,3426.75,3394.78,3406.43,31282.0
2024.03.02 13:00,3406.43,3419.07,3404.34,3410.63,13395.13
2024.03.02 14:00,3410.63,3421.31,3407.49,3407.8,12330.73
2024.03.02 15:00,3407.8,3433.31,3406.26,3424.95,22106.1
2024.03.02 16:00,3424.95,3428.22,3411.76,3413.43,11786.89
2024.03.02 17:00,3413.43,3420.0,3397.0,3415.83,27160.64
2024.03.02 18:00,3415.83,3427.93,3411.49,3421.74,21270.22
2024.03.02 19:00,3421.74,3430.77,3413.2,3429.63,11373.09
2024.03.02 20:00,3429.63,3435.8,3416.79,3416.79,11801.44
2024.03.02 21:00,3416.79,3434.0,3416.1,3433.99,8547.17
2024.03.02 22:00,3433.99,3434.39,3427.08,3429.58,4456.82
2024.03.02 23:00,3429.58,3434.78,3406.05,3408.76,21115.2
2024.03.03 00:00,3408.76,3416.24,3405.01,3411.02,5591.57
2024.03.03 01:00,3411.02,3413.61,3404.39,3406.27,5382.43
2024.03.03 02:00,3406.27,3424.99,3406.2,3424.99,9464.49
2024.03.03 03:00,3424.99,3434.98,3412.19,3431.05,13631.64
2024.03.03 04:00,3431.05,3437.84,3425.85,3434.36,8238.37
2024.03.03 05:00,3434.36,3434.99,3413.91,3420.91,6948.47
2024.03.03 06:00,3420.91,3435.0,3419.0,3434.99,6150.8
2024.03.03 07:00,3434.99,3450.0,3432.05,3444.26,18005.82
2024.03.03 08:00,3444.26,3447.88,3423.87,3425.12,10605.28
2024.03.03 09:00,3425.12,3429.61,3411.77,3415.72,15717.53
2024.03.03 10:00,3415.72,3418.93,3360.01,3395.29,77855.74
2024.03.03 11:00,3395.29,3405.0,3378.01,3398.67,21433.19
2024.03.03 12:00,3398.67,3418.28,3395.15,3410.61,17581.37
2024.03.03 13:00,3410.61,3413.94,3399.18,3403.98,8577.64
2024.03.03 14:00,3403.98,3418.36,3399.18,3416.7,11675.28
2024.03.03 15:00,3416.7,3453.19,3415.08,3422.99,60550.64
2024.03.03 16:00,3422.99,3432.91,3406.72,3432.45,26358.45
2024.03.03 17:00,3432.45,3440.13,3418.17,3421.35,15880.0
2024.03.03 18:00,3421.35,3435.27,3420.35,3425.5,9169.22
2024.03.03 19:00,3425.5,3488.96,3421.75,3484.74,62841.33
2024.03.03 20:00,3484.74,3488.84,3457.13,3463.74,28498.71
2024.03.03 21:00,3463.74,3477.41,3460.05,3472.78,11499.85
2024.03.03 22:00,3472.78,3477.78,3465.08,3467.45,9014.91
2024.03.03 23:00,3467.45,3476.7,3460.77,3471.37,7580.01
2024.03.04 00:00,3471.37,3482.26,3464.03,3479.99,9468.8
2024.03.04 01:00,3479.99,3495.95,3463.01,3476.77,27028.13
2024.03.04 02:00,3476.77,3495.0,3468.08,3491.83,15555.76
2024.03.04 03:00,3491.83,3537.49,3424.36,3490.0,118106.9
2024.03.04 04:00,3490.0,3498.71,3471.42,3481.85,30238.46
2024.03.04 05:00,3481.85,3503.83,3464.0,3491.35,25566.23
2024.03.04 06:00,3491.35,3492.01,3468.03,3475.06,18362.07
2024.03.04 07:00,3475.06,3490.82,3471.01,3487.25,13656.69
2024.03.04 08:00,3487.25,3487.99,3457.12,3467.86,28967.46
2024.03.04 09:00,3467.86,3476.36,3465.5,3475.57,9268.75
2024.03.04 10:00,3475.57,3489.47,3463.34,3480.59,17409.81
2024.03.04 11:00,3480.59,3550.0,3480.59,3538.75,83570.96
2024.03.04 12:00,3538.75,3540.0,3502.25,3527.01,49695.84
2024.03.04 13:00,3527.01,3527.97,3481.74,3499.61,43721.27
2024.03.04 14:00,3499.61,3516.88,3493.29,3510.29,26620.66
2024.03.04 15:00,3510.29,3511.68,3498.81,3509.0,18814.68
2024.03.04 16:00,3509.0,3522.63,3486.79,3493.17,33805.41
2024.03.04 17:00,3493.17,3553.27,3461.07,3538.36,109182.65
2024.03.04 18:00,3538.36,3578.7,3525.06,3563.87,81920.72
2024.03.04 19:00,3563.87,3579.86,3537.21,3553.47,46838.49
2024.03.04 20:00,3553.47,3594.47,3530.3,3547.47,84954.65
2024.03.04 21:00,3547.47,3603.48,3534.74,3602.29,82196.87
2024.03.04 22:00,3602.29,3618.82,3585.62,3597.0,52067.51
2024.03.04 23:00,3597.0,3600.11,3576.4,3587.25,34563.87
2024.03.05 00:00,3587.25,3597.89,3560.77,3583.17,37121.79
2024.03.05 01:00,3583.17,3612.07,3566.84,3611.02,31912.39
2024.03.05 02:00,3611.02,3644.88,3607.85,3630.31,64922.71
2024.03.05 03:00,3630.31,3639.99,3610.0,3621.72,31367.57
2024.03.05 04:00,3621.72,3662.49,3618.0,3649.13,47714.63
2024.03.05 05:00,3649.13,3650.2,3610.5,3626.98,29238.22
2024.03.05 06:00,3626.98,3703.7,3615.42,3695.79,42871.47
2024.03.05 07:00,3695.79,3751.57,3676.8,3703.85,114228.39
2024.03.05 08:00,3703.85,3745.59,3647.83,3723.77,123648.81
2024.03.05 09:00,3723.77,3734.22,3706.16,3718.5,33071.51
2024.03.05 10:00,3718.5,3728.5,3678.07,3678.65,39535.83
2024.03.05 11:00,3678.65,3707.83,3658.0,3699.4,53497.78
2024.03.05 12:00,3699.4,3710.0,3681.09,3695.34,28592.12
2024.03.05 13:00,3695.34,3733.34,3694.96,3717.14,30644.8
2024.03.05 14:00,3717.14,3750.19,3716.62,3738.74,40279.27
2024.03.05 15:00,3738.74,3777.21,3738.07,3763.3,58241.32
2024.03.05 16:00,3763.3,3787.0,3755.71,3783.58,40174.75
2024.03.05 17:00,3783.58,3814.4,3751.52,3809.29,79079.75
2024.03.05 18:00,3809.29,3828.87,3755.65,3787.4,181571.67
2024.03.05 19:00,3787.4,3800.99,3667.2,3694.8,266982.83
2024.03.05 20:00,3694.8,3696.16,3555.48,3692.8,186318.74
2024.03.05 21:00,3692.8,3692.8,3592.91,3615.01,73085.64
2024.03.05 22:00,3615.01,3630.94,3186.13,3374.98,347818.0
2024.03.05 23:00,3374.98,3471.84,3325.69,3388.95,219489.4
2024.03.06 00:00,3388.95,3534.58,3386.3,3522.82,148662.57
2024.03.06 01:00,3522.82,3530.81,3434.06,3508.83,92515.36
2024.03.06 02:00,3508.83,3583.91,3495.22,3555.32,56646.99
2024.03.06 03:00,3555.32,3594.62,3547.06,3565.06,41967.56
2024.03.06 04:00,3565.06,3586.55,3515.7,3521.71,42529.28
2024.03.06 05:00,3521.71,3553.05,3501.83,3506.24,36442.05
2024.03.06 06:00,3506.24,3554.99,3503.43,3540.84,26239.73
2024.03.06 07:00,3540.84,3660.34,3539.16,3654.96,63201.47
2024.03.06 08:00,3654.96,3776.52,3652.39,3775.44,120152.58
2024.03.06 09:00,3775.44,3794.43,3754.0,3754.28,55688.92
2024.03.06 10:00,3754.28,3794.95,3746.56,3791.88,41185.38
2024.03.06 11:00,3791.88,3874.4,3783.61,3830.59,104521.34
2024.03.06 12:00,3830.59,3873.59,3792.41,3798.65,60109.61
2024.03.06 13:00,3798.65,3848.44,3798.17,3845.96,40159.78
2024.03.06 14:00,3845.96,3902.65,3840.23,3884.54,62200.08
2024.03.06 15:00,3884.54,3907.85,3756.81,3821.29,143259.98
2024.03.06 16:00,3821.29,3850.97,3760.57,3835.01,81868.03
2024.03.06 17:00,3835.01,3867.92,3770.37,3784.76,89758.72
2024.03.06 18:00,3784.76,3812.59,3725.01,3794.05,105265.85
2024.03.06 19:00,3794.05,3828.54,3767.06,3819.88,52498.78
2024.03.06 20:00,3819.88,3856.13,3792.09,3850.81,33753.59
2024.03.06 21:00,3850.81,3868.89,3831.56,3867.12,43533.29
2024.03.06 22:00,3867.12,3886.04,3839.19,3856.88,32459.87
2024.03.06 23:00,3856.88,3898.23,3849.12,3862.23,37366.84
2024.03.07 00:00,3862.23,3866.66,3836.38,3850.61,21803.84
2024.03.07 01:00,3850.61,3852.09,3806.84,3816.67,36529.66
2024.03.07 02:00,3816.67,3836.29,3793.92,3823.17,23033.48
2024.03.07 03:00,3823.17,3857.84,3799.11,3842.25,26270.8
2024.03.07 04:00,3842.25,3842.38,3777.31,3836.48,34354.08
2024.03.07 05:00,3836.48,3837.15,3780.22,3789.57,25279.44
2024.03.07 06:00,3789.57,3810.82,3768.01,3779.98,21972.79
2024.03.07 07:00,3779.98,3805.06,3764.66,3784.03,21426.87
2024.03.07 08:00,3784.03,3807.83,3743.57,3756.22,47306.37
2024.03.07 09:00,3756.22,3783.43,3733.88,3774.31,43421.51
2024.03.07 10:00,3774.31,3804.16,3757.41,3792.11,31323.15
2024.03.07 11:00,3792.11,3818.0,3786.01,3793.96,30278.77
2024.03.07 12:00,3793.96,3804.77,3776.19,3787.93,15094.38
2024.03.07 13:00,3787.93,3805.81,3776.31,3797.97,16905.88
2024.03.07 14:00,3797.97,3820.84,3771.58,3791.0,35505.49
2024.03.07 15:00,3791.0,3807.46,3775.65,3784.82,17901.39
2024.03.07 16:00,3784.82,3814.72,3767.24,3810.35,22702.68
2024.03.07 17:00,3810.35,3859.75,3782.16,3810.83,115647.62
2024.03.07 18:00,3810.83,3858.09,3800.31,3840.81,50433.42
2024.03.07 19:00,3840.81,3853.0,3817.49,3835.66,27976.14
2024.03.07 20:00,3835.66,3877.76,3829.49,3862.41,37357.1
2024.03.07 21:00,3862.41,3886.66,3846.06,3883.49,18868.3
2024.03.07 22:00,3883.49,3888.52,3855.39,3873.9,16411.22
2024.03.07 23:00,3873.9,3937.29,3866.26,3933.79,52722.91
2024.03.08 00:00,3933.79,3939.74,3858.0,3872.75,43711.73
2024.03.08 01:00,3872.75,3893.61,3837.5,3859.12,21265.97
2024.03.08 02:00,3859.12,3873.81,3853.78,3871.02,11395.85
2024.03.08 03:00,3871.02,3912.09,3865.53,3909.09,20738.32
2024.03.08 04:00,3909.09,3947.0,3905.98,3909.52,39042.73
2024.03.08 05:00,3909.52,3922.0,3895.15,3907.23,18916.98
2024.03.08 06:00,3907.23,3917.19,3895.58,3904.74,11676.83
2024.03.08 07:00,3904.74,3915.0,3889.36,3903.34,12305.25
2024.03.08 08:00,3903.34,3908.7,3882.82,3892.48,11193.92
2024.03.08 09:00,3892.48,3936.72,3887.29,3934.51,17321.67
2024.03.08 10:00,3934.51,3954.24,3911.48,3914.09,35823.33
2024.03.08 11:00,3914.09,3959.42,3913.67,3944.99,28516.15
2024.03.08 12:00,3944.99,3957.7,3932.12,3935.58,24378.85
2024.03.08 13:00,3935.58,3961.93,3926.48,3951.01,25892.19
2024.03.08 14:00,3951.01,3956.92,3937.68,3954.71,16140.74
2024.03.08 15:00,3954.71,3958.38,3937.88,3949.49,17048.25
2024.03.08 16:00,3949.49,3987.15,3944.97,3975.16,56947.57
2024.03.08 17:00,3975.16,3991.56,3947.07,3977.43,59078.42
2024.03.08 18:00,3977.43,4000.0,3885.0,3902.65,178713.47
2024.03.08 19:00,3902.65,3914.17,3820.0,3907.66,155972.27
2024.03.08 20:00,3907.66,3984.07,3900.6,3947.44,85016.49
2024.03.08 21:00,3947.44,3955.82,3919.64,3931.79,31399.0
2024.03.08 22:00,3931.79,3935.6,3886.66,3931.76,37826.0
2024.03.08 23:00,3931.76,3953.95,3925.13,3942.68,29215.48
2024.03.09 00:00,3942.68,3955.57,3891.81,3906.27,34020.43
2024.03.09 01:00,3906.27,3916.93,3870.95,3879.6,24897.97
2024.03.09 02:00,3879.6,3903.59,3874.34,3884.42,20662.37
2024.03.09 03:00,3884.42,3909.64,3878.93,3907.93,16775.38
2024.03.09 04:00,3907.93,3912.65,3892.06,3906.18,6537.34
2024.03.09 05:00,3906.18,3929.94,3902.72,3922.01,10460.29
2024.03.09 06:00,3922.01,3933.76,3915.0,3927.11,7398.6
2024.03.09 07:00,3927.11,3936.47,3922.23,3929.01,8618.22
2024.03.09 08:00,3929.01,3931.64,3914.0,3923.37,7792.1
2024.03.09 09:00,3923.37,3944.94,3921.8,3942.15,15702.37
2024.03.09 10:00,3942.15,3946.96,3929.2,3929.71,10149.78
2024.03.09 11:00,3929.71,3941.13,3926.56,3927.84,9736.02
2024.03.09 12:00,3927.84,3935.46,3910.54,3924.62,11394.78
2024.03.09 13:00,3924.62,3925.2,3891.03,3910.65,19480.23
2024.03.09 14:00,3910.65,3922.49,3908.64,3916.5,6608.71
2024.03.09 15:00,3916.5,3924.68,3904.89,3922.01,10398.35
2024.03.09 16:00,3922.01,3931.08,3914.26,3920.06,9706.22
2024.03.09 17:00,3920.06,3928.62,3910.6,3912.0,9045.6
2024.03.09 18:00,3912.0,3925.65,3908.27,3920.6,7817.91
2024.03.09 19:00,3920.6,3924.84,3877.23,3887.57,27498.5
2024.03.09 20:00,3887.57,3897.75,3873.47,3886.46,15072.76
2024.03.09 21:00,3886.46,3897.39,3881.6,3892.77,7553.76
2024.03.09 22:00,3892.77,3895.6,3881.58,3885.27,5654.46
2024.03.09 23:00,3885.27,3904.55,3885.26,3903.82,6790.86
2024.03.10 00:00,3903.82,3911.8,3895.29,3908.61,5367.15
2024.03.10 01:00,3908.61,3916.61,3899.38,3904.08,5311.64
2024.03.10 02:00,3904.08,3916.54,3901.43,3908.5,5123.8
2024.03.10 03:00,3908.5,3922.47,3902.62,3912.78,11409.67
2024.03.10 04:00,3912.78,3946.32,3911.28,3935.22,31834.3
2024.03.10 05:00,3935.22,3943.55,3924.56,3925.39,9510.91
2024.03.10 06:00,3925.39,3942.2,3915.15,3939.19,10062.12
2024.03.10 07:00,3939.19,3956.66,3935.91,3945.66,18071.99
2024.03.10 08:00,3945.66,3954.37,3937.35,3943.65,8057.0
2024.03.10 09:00,3943.65,3952.55,3933.55,3947.24,7702.36
2024.03.10 10:00,3947.24,3953.32,3942.0,3948.93,7412.93
2024.03.10 11:00,3948.93,3971.13,3944.75,3964.5,14993.96
2024.03.10 12:00,3964.5,3965.18,3924.78,3951.58,33906.23
2024.03.10 13:00,3951.58,3962.19,3936.73,3942.47,17447.11
2024.03.10 14:00,3942.47,3947.8,3930.16,3937.48,12487.8
2024.03.10 15:00,3937.48,3951.78,3915.76,3931.46,19045.27
2024.03.10 16:00,3931.46,3934.8,3889.0,3901.67,29183.6
2024.03.10 17:00,3901.67,3914.54,3858.0,3899.95,45827.59
2024.03.10 18:00,3899.95,3905.68,3875.05,3885.65,24087.6
2024.03.10 19:00,3885.65,3930.26,3884.72,3908.24,25465.93
2024.03.10 20:00,3908.24,3920.0,3903.34,3915.77,8477.09
2024.03.10 21:00,3915.77,3922.05,3895.73,3896.91,9321.78
2024.03.10 22:00,3896.91,3906.32,3891.69,3901.41,7370.84
2024.03.10 23:00,3901.41,3907.97,3895.65,3904.3,5629.12
2024.03.11 00:00,3904.3,3907.05,3876.34,3883.73,10677.06
2024.03.11 01:00,3883.73,3885.29,3791.58,3826.67,72304.76
2024.03.11 02:00,3826.67,3887.26,3822.29,3881.09,30284.17
2024.03.11 03:00,3881.09,3892.66,3714.0,3831.78,89425.3
2024.03.11 04:00,3831.78,3844.0,3780.24,3821.61,57574.69
2024.03.11 05:00,3821.61,3847.02,3817.05,3839.22,18373.66
2024.03.11 06:00,3839.22,3871.25,3837.14,3870.31,26405.56
2024.03.11 07:00,3870.31,3881.73,3855.68,3859.92,12778.47
2024.03.11 08:00,3859.92,3883.88,3845.09,3850.71,17922.78
2024.03.11 09:00,3850.71,3889.0,3836.21,3888.97,21508.84
2024.03.11 10:00,3888.97,4024.68,3885.17,4011.71,169334.54
2024.03.11 11:00,4011.71,4032.61,3990.26,4024.54,71556.75
2024.03.11 12:00,4024.54,4058.28,3993.85,4045.2,50570.62
2024.03.11 13:00,4045.2,4047.11,4026.86,4030.57,33599.79
2024.03.11 14:00,4030.57,4061.39,4022.0,4037.73,39701.9
2024.03.11 15:00,4037.73,4072.67,4027.82,4059.59,44501.09
2024.03.11 16:00,4059.59,4067.52,4017.0,4027.01,45616.75
2024.03.11 17:00,4027.01,4054.83,4026.29,4038.98,23732.69
2024.03.11 18:00,4038.98,4057.79,4020.07,4021.13,26909.54
2024.03.11 19:00,4021.13,4051.01,4002.69,4045.46,32036.43
2024.03.11 20:00,4045.46,4056.4,4034.08,4044.22,13126.92
2024.03.11 21:00,4044.22,4096.21,4039.15,4064.06,45997.21
2024.03.11 22:00,4064.06,4068.09,4031.95,4035.76,27867.16
2024.03.11 23:00,4035.76,4042.29,4032.0,4035.89,10067.78
2024.03.12 00:00,4035.89,4063.6,4033.44,4058.76,13797.78
2024.03.12 01:00,4058.76,4074.59,4049.63,4072.56,16451.95
2024.03.12 02:00,4072.56,4088.73,4066.47,4070.19,19839.46
2024.03.12 03:00,4070.19,4098.0,4057.54,4061.77,26525.92
2024.03.12 04:00,4061.77,4074.0,4052.09,4065.42,13430.5
2024.03.12 05:00,4065.42,4065.43,4052.32,4056.39,7098.86
2024.03.12 06:00,4056.39,4064.0,4025.0,4032.25,31543.96
2024.03.12 07:00,4032.25,4056.86,4025.71,4040.31,21015.31
2024.03.12 08:00,4040.31,4046.64,4035.4,4042.66,9587.72
2024.03.12 09:00,4042.66,4042.67,4002.01,4033.01,28781.42
2024.03.12 10:00,4033.01,4036.56,4019.29,4029.91,14284.71
2024.03.12 11:00,4029.91,4038.84,3967.91,3988.6,55418.68
2024.03.12 12:00,3988.6,4015.77,3986.75,4013.19,19453.86
2024.03.12 13:00,4013.19,4015.66,3995.62,4010.98,13244.91
2024.03.12 14:00,4010.98,4072.14,4009.0,4024.59,52009.58
2024.03.12 15:00,4024.59,4035.15,3978.02,4026.48,64012.75
2024.03.12 16:00,4026.48,4042.0,4002.28,4029.04,32004.38
2024.03.12 17:00,4029.04,4059.45,3981.4,3983.13,62676.64
2024.03.12 18:00,3983.13,4010.0,3945.43,3992.53,54421.52
2024.03.12 19:00,3992.53,3996.46,3900.33,3925.29,88773.29
2024.03.12 20:00,3925.29,3954.95,3833.43,3954.25,152681.27
2024.03.12 21:00,3954.25,3977.84,3935.09,3973.68,45953.96
2024.03.12 22:00,3973.68,3995.72,3959.81,3985.91,31569.54
2024.03.12 23:00,3985.91,3986.16,3930.55,3953.32,31140.36
2024.03.13 00:00,3953.32,3957.72,3933.28,3944.4,19583.5
2024.03.13 01:00,3944.4,3962.01,3936.82,3952.62,10096.26
2024.03.13 02:00,3952.62,3984.0,3943.11,3983.46,12858.19
2024.03.13 03:00,3983.46,4005.54,3976.75,3981.0,15446.31
2024.03.13 04:00,3981.0,4035.0,3978.52,4025.28,31339.68
2024.03.13 05:00,4025.28,4039.92,4016.03,4035.5,14348.67
2024.03.13 06:00,4035.5,4049.62,4028.44,4047.59,13420.9
2024.03.13 07:00,4047.59,4049.0,4032.4,4047.04,11883.1
2024.03.13 08:00,4047.04,4047.04,4033.67,4041.51,7912.71
2024.03.13 09:00,4041.51,4059.2,4038.01,4052.1,20928.79
2024.03.13 10:00,4052.1,4084.44,4036.56,4043.07,34645.03
2024.03.13 11:00,4043.07,4089.84,4043.02,4068.16,33645.74
2024.03.13 12:00,4068.16,4071.68,4048.21,4053.89,18030.48
2024.03.13 13:00,4053.89,4062.67,4047.6,4061.0,14218.13
2024.03.13 14:00,4061.0,4065.62,4050.42,4054.41,11877.28
2024.03.13 15:00,4054.41,4058.48,4006.7,4010.81,70872.91
2024.03.13 16:00,4010.81,4027.94,3934.5,3980.4,106637.37
2024.03.13 17:00,3980.4,4004.92,3953.91,3969.15,66550.2
2024.03.13 18:00,3969.15,4004.98,3950.46,3965.85,45573.13
2024.03.13 19:00,3965.85,3995.0,3956.1,3987.44,30985.61
2024.03.13 20:00,3987.44,4001.74,3963.3,3985.23,22718.28
2024.03.13 21:00,3985.23,4016.67,3977.1,4008.54,24723.93
2024.03.13 22:00,4008.54,4014.98,3983.03,4004.23,19007.44
2024.03.13 23:00,4004.23,4025.41,3976.98,3992.65,30609.95
2024.03.14 00:00,3992.65,4009.91,3981.5,4008.75,11767.93
2024.03.14 01:00,4008.75,4009.92,3983.7,3985.92,10685.07
2024.03.14 02:00,3985.92,4014.92,3985.92,4008.55,12188.43
2024.03.14 03:00,4008.55,4015.95,3978.52,3979.03,14883.57
2024.03.14 04:00,3979.03,3992.74,3957.61,3987.73,29100.9
2024.03.14 05:00,3987.73,4005.42,3985.08,3988.45,15444.71
2024.03.14 06:00,3988.45,4004.96,3988.42,3997.2,10261.75
2024.03.14 07:00,3997.2,4011.44,3942.06,3959.34,31814.13
2024.03.14 08:00,3959.34,3976.21,3943.08,3972.33,17857.2
2024.03.14 09:00,3972.33,3997.89,3970.47,3985.07,22972.95
2024.03.14 10:00,3985.07,3995.0,3962.0,3966.74,21931.39
2024.03.14 11:00,3966.74,3988.74,3965.71,3983.54,10432.63
2024.03.14 12:00,3983.54,4004.43,3976.55,3993.7,21461.0
2024.03.14 13:00,3993.7,3996.85,3967.58,3973.99,17999.57
2024.03.14 14:00,3973.99,3975.73,3946.8,3959.63,27419.04
2024.03.14 15:00,3959.63,3972.62,3906.62,3948.0,54304.52
2024.03.14 16:00,3948.0,3957.42,3852.14,3882.4,95217.72
2024.03.14 17:00,3882.4,3936.59,3866.78,3890.85,70745.84
2024.03.14 18:00,3890.85,3907.87,3820.08,3848.91,76711.47
2024.03.14 19:00,3848.91,3901.98,3828.07,3898.18,75012.11
2024.03.14 20:00,3898.18,3901.96,3858.16,3879.97,25025.68
2024.03.14 21:00,3879.97,3879.98,3758.43,3816.8,97347.94
2024.03.14 22:00,3816.8,3834.1,3724.0,3789.54,134064.49
2024.03.14 23:00,3789.54,3870.0,3785.0,3849.04,63726.58
2024.03.15 00:00,3849.04,3875.42,3824.41,3869.91,38791.94
2024.03.15 01:00,3869.91,3895.49,3868.22,3880.5,30136.83
2024.03.15 02:00,3880.5,3895.0,3875.56,3885.81,20319.36
2024.03.15 03:00,3885.81,3939.0,3871.93,3907.67,42625.85
2024.03.15 04:00,3907.67,3914.48,3880.2,3884.38,15943.72
2024.03.15 05:00,3884.38,3890.64,3700.49,3751.52,121359.18
2024.03.15 06:00,3751.52,3774.8,3620.01,3725.24,132307.59
2024.03.15 07:00,3725.24,3739.09,3657.38,3675.11,87194.13
2024.03.15 08:00,3675.11,3729.74,3663.02,3677.43,46514.66
2024.03.15 09:00,3677.43,3756.02,3676.65,3753.1,39695.6
2024.03.15 10:00,3753.1,3783.7,3733.28,3756.0,30074.69
2024.03.15 11:00,3756.0,3765.0,3661.0,3664.69,77869.58
2024.03.15 12:00,3664.69,3703.5,3568.1,3686.07,151288.33
2024.03.15 13:00,3686.07,3699.74,3650.04,3662.33,49283.77
2024.03.15 14:00,3662.33,3701.36,3623.81,3692.64,66261.52
2024.03.15 15:00,3692.64,3712.04,3674.58,3700.11,30937.3
2024.03.15 16:00,3700.11,3747.62,3673.85,3726.59,59177.43
2024.03.15 17:00,3726.59,3735.0,3690.0,3723.92,28650.73
2024.03.15 18:00,3723.92,3729.62,3687.82,3692.46,24365.21
2024.03.15 19:00,3692.46,3721.3,3662.28,3687.47,46081.98
2024.03.15 20:00,3687.47,3701.6,3665.22,3698.03,19912.82
2024.03.15 21:00,3698.03,3791.11,3696.73,3790.26,47848.52
2024.03.15 22:00,3790.26,3811.79,3676.93,3691.21,89738.98
2024.03.15 23:00,3691.21,3691.99,3607.91,3631.82,78305.33
2024.03.16 00:00,3631.82,3674.73,3628.78,3672.07,30899.35
2024.03.16 01:00,3672.07,3738.0,3668.32,3732.72,28996.16
2024.03.16 02:00,3732.72,3750.81,3714.56,3745.0,23014.73
2024.03.16 03:00,3745.0,3778.55,3738.93,3763.41,31786.85
2024.03.16 04:00,3763.41,3784.93,3739.14,3746.45,29333.92
2024.03.16 05:00,3746.45,3748.35,3726.79,3733.96,13657.47
2024.03.16 06:00,3733.96,3753.25,3723.68,3738.0,13438.69
2024.03.16 07:00,3738.0,3747.17,3716.0,3727.34,14538.61
2024.03.16 08:00,3727.34,3730.43,3692.77,3716.6,21844.11
2024.03.16 09:00,3716.6,3731.88,3708.1,3726.98,14372.31
2024.03.16 10:00,3726.98,3744.17,3721.09,3742.73,11035.33
2024.03.16 11:00,3742.73,3743.82,3715.43,3720.75,12878.12
2024.03.16 12:00,3720.75,3734.45,3713.82,3721.72,8499.26
2024.03.16 13:00,3721.72,3725.54,3698.46,3704.28,18467.42
2024.03.16 14:00,3704.28,3711.2,3665.24,3695.48,32577.05
2024.03.16 15:00,3695.48,3714.93,3666.66,3667.66,23335.69
2024.03.16 16:00,3667.66,3687.48,3648.69,3649.1,31163.82
2024.03.16 17:00,3649.1,3669.39,3640.07,3666.83,27782.57
2024.03.16 18:00,3666.83,3686.29,3649.01,3681.75,16338.57
2024.03.16 19:00,3681.75,3683.76,3658.98,3667.19,11151.49
2024.03.16 20:00,3667.19,3674.66,3627.0,3634.49,34788.02
2024.03.16 21:00,3634.49,3639.91,3569.99,3596.54,88217.54
2024.03.16 22:00,3596.54,3639.91,3591.62,3601.78,41597.43
2024.03.16 23:00,3601.78,3635.76,3579.08,3620.69,35279.08
2024.03.17 00:00,3620.69,3631.19,3541.12,3558.13,60823.5
2024.03.17 01:00,3558.13,3584.06,3524.0,3561.46,44598.65
2024.03.17 02:00,3561.46,3561.46,3468.01,3525.22,93586.22
2024.03.17 03:00,3525.22,3571.42,3506.49,3510.25,51318.76
2024.03.17 04:00,3510.25,3562.64,3510.17,3561.58,30939.08
2024.03.17 05:00,3561.58,3585.17,3554.68,3573.38,21767.11
2024.03.17 06:00,3573.38,3577.0,3557.36,3574.22,12408.03
2024.03.17 07:00,3574.22,3575.43,3552.7,3561.0,9968.08
2024.03.17 08:00,3561.0,3571.71,3537.83,3547.15,23406.09
2024.03.17 09:00,3547.15,3552.84,3443.01,3443.65,77476.88
2024.03.17 10:00,3443.65,3483.8,3412.0,3474.23,92841.79
2024.03.17 11:00,3474.23,3579.97,3460.89,3559.52,76475.22
2024.03.17 12:00,3559.52,3577.68,3548.07,3558.37,41633.8
2024.03.17 13:00,3558.37,3609.71,3558.37,3598.52,43089.19
2024.03.17 14:00,3598.52,3609.54,3576.94,3582.01,20904.43
2024.03.17 15:00,3582.01,3604.43,3531.24,3543.43,51606.52
2024.03.17 16:00,3543.43,3588.43,3543.0,3576.92,37346.34
2024.03.17 17:00,3576.92,3604.68,3562.23,3602.01,21576.1
2024.03.17 18:00,3602.01,3649.0,3582.73,3629.02,48546.96
2024.03.17 19:00,3629.02,3637.0,3604.93,3613.05,22754.22
2024.03.17 20:00,3613.05,3651.72,3605.97,3646.13,14019.22
2024.03.17 21:00,3646.13,3656.91,3624.1,3634.57,13564.62
2024.03.17 22:00,3634.57,3658.69,3629.02,3653.13,11674.07
2024.03.17 23:00,3653.13,3660.0,3633.21,3636.14,10358.31
2024.03.18 00:00,3636.14,3646.07,3626.57,3640.54,12594.16
2024.03.18 01:00,3640.54,3681.57,3640.54,3646.47,27996.11
2024.03.18 02:00,3646.47,3657.43,3632.0,3646.36,15119.15
2024.03.18 03:00,3646.36,3647.16,3578.03,3580.38,45978.84
2024.03.18 04:00,3580.38,3585.36,3557.87,3568.0,11810.15
